row_id,edition,platform_id,platform,product,market,market_name,status,requirement,accepted_regulators,targeting_limits,policy_title,policy_url,policy_quote,quote_verified,effective_date,checked_on,notes,confidence
GOO-FX-AE,2026-Q4,google_ads,Google Ads,forex_cfd,AE,United Arab Emirates,verification_needed,"Provider licensed by SCA, DFSA (DIFC) or FSRA (ADGM) and the account certified by Google for complex speculative financial products.","SCA, DFSA, FSRA",,Financial products and services: Complex speculative financial products,https://support.google.com/adspolicy/answer/15188218?hl=en,targeting the United Arab Emirates as long as the provider of these products is licensed ... Advertisers must also be certified with Google.,yes,,2026-10-07,Products listed for UAE: CFDs and rolling spot forex; spread betting not listed. No financial services verification for UAE. Certification applications now made inside the Google Ads account.,high
GOO-FX-AU,2026-Q4,google_ads,Google Ads,forex_cfd,AU,Australia,verification_needed,"Advertiser licensed by ASIC, meets leverage caps and risk warnings, holds Google complex speculative products certification and completes financial services verification.",ASIC,,Financial products and services: Complex speculative financial products,https://support.google.com/adspolicy/answer/15188218?hl=en,"targeting Australia, as long as the advertiser is duly licensed by the Australian Securities and Investments Commission. ... Advertisers must also be certified with Google.",yes,,2026-10-07,Products listed: CFDs and rolling spot forex; spread betting not listed. Australian financial services verification via G2 also applies since 30 Aug 2022.,high
GOO-FX-BR,2026-Q4,google_ads,Google Ads,forex_cfd,BR,Brazil,verification_needed,"Advertiser licensed by CVM, meets leverage caps and risk warnings, holds Google complex speculative products certification and completes financial services verification.",CVM,,Financial products and services: Complex speculative financial products,https://support.google.com/adspolicy/answer/15188218?hl=en,"targeting Brazil, as long as the advertiser is duly licensed by the Brazilian Securities and Exchange Commission (CVM). ... Advertisers must also be certified with Google.",yes,,2026-10-07,Products listed for Brazil: CFDs and financial spread betting; rolling spot forex not listed. Brazil financial services verification also applies since 24 Jan 2023.,high
GOO-FX-DE,2026-Q4,google_ads,Google Ads,forex_cfd,DE,Germany,verification_needed,"Provider licensed by an EEA national competent authority, Google complex speculative products certification, plus Germany financial services verification.",EEA national competent authority (e.g. BaFin),,Financial products and services: Complex speculative financial products,https://support.google.com/adspolicy/answer/15188218?hl=en,targeting ... Germany ... as long as the provider of these products is licensed in the European Economic Area by a relevant national competent authority.,yes,,2026-10-07,"CFDs, rolling spot forex and spread betting listed; leverage caps and risk warnings required. Germany financial services verification (BaFin among listed regulators) enforced since 24 Jan 2023.",high
GOO-FX-GB,2026-Q4,google_ads,Google Ads,forex_cfd,GB,United Kingdom,verification_needed,"Provider licensed by the FCA, meets leverage caps and risk warnings, Google certification, and UK financial services verification.",FCA,,Financial products and services: Complex speculative financial products,https://support.google.com/adspolicy/answer/15188218?hl=en,"when targeting the United Kingdom, as long as the provider of these products is licensed by the Financial Conduct Authority.",yes,,2026-10-07,"CFDs, rolling spot forex and spread betting listed; aggregators also allowed in UK. UK financial services verification required since 6 Sep 2021.",high
GOO-FX-KE,2026-Q4,google_ads,Google Ads,forex_cfd,KE,Kenya,verification_needed,"Advertiser licensed by the Capital Markets Authority, meets leverage caps and risk warnings, and holds Google complex speculative products certification.",CMA,,Financial products and services: Complex speculative financial products,https://support.google.com/adspolicy/answer/15188218?hl=en,"targeting Kenya, as long as the advertiser is duly licensed by the Capital Markets Authority (the CMA). ... Advertisers must also be certified with Google.",yes,,2026-10-07,Products listed for Kenya: CFDs and rolling spot forex. No financial services verification for Kenya.,high
GOO-FX-MX,2026-Q4,google_ads,Google Ads,forex_cfd,MX,Mexico,not_allowed,Mexico is not an approved targeted location for complex speculative financial products ads.,,,Financial products and services: Complex speculative financial products,https://support.google.com/adspolicy/answer/15188218?hl=en,"If your targeted location is not on the list of approved targeted locations, Complex speculative financial products mentioned above cannot be advertised.",yes,,2026-10-07,Mexico not named anywhere on the policy page; page also says Google is unable to support advertising in non-approved markets.,medium
GOO-FX-MY,2026-Q4,google_ads,Google Ads,forex_cfd,MY,Malaysia,verification_needed,"Advertiser licensed by Bank Negara Malaysia or the Securities Commission, Google certification, plus Malaysia financial services verification.","BNM, SC",,Financial products and services: Complex speculative financial products,https://support.google.com/adspolicy/answer/15188218?hl=en,"targeting Malaysia, as long as the advertiser is duly licensed by the Central Bank of Malaysia or the Securities Commission Malaysia (SC).",yes,,2026-10-07,Products listed: CFDs and rolling spot forex; leverage caps and risk warnings required. Malaysia financial services verification enforced from 14 Apr 2026.,high
GOO-FX-NG,2026-Q4,google_ads,Google Ads,forex_cfd,NG,Nigeria,not_allowed,Nigeria is not an approved targeted location for complex speculative financial products ads.,,,Financial products and services: Complex speculative financial products,https://support.google.com/adspolicy/answer/15188218?hl=en,"If your targeted location is not on the list of approved targeted locations, Complex speculative financial products mentioned above cannot be advertised.",yes,,2026-10-07,Nigeria not named anywhere on the policy page.,medium
GOO-FX-PH,2026-Q4,google_ads,Google Ads,forex_cfd,PH,Philippines,not_allowed,Philippines is not an approved targeted location for complex speculative financial products ads.,,,Financial products and services: Complex speculative financial products,https://support.google.com/adspolicy/answer/15188218?hl=en,"If your targeted location is not on the list of approved targeted locations, Complex speculative financial products mentioned above cannot be advertised.",yes,,2026-10-07,Philippines not named on the complex speculative products page (it is listed only for crypto).,medium
GOO-FX-TH,2026-Q4,google_ads,Google Ads,forex_cfd,TH,Thailand,not_allowed,Thailand is not an approved targeted location for complex speculative financial products ads.,,,Financial products and services: Complex speculative financial products,https://support.google.com/adspolicy/answer/15188218?hl=en,"If your targeted location is not on the list of approved targeted locations, Complex speculative financial products mentioned above cannot be advertised.",yes,,2026-10-07,Thailand not named on the complex speculative products page. Thailand financial services verification (since 7 Nov 2024) applies to other financial ads.,medium
GOO-FX-US,2026-Q4,google_ads,Google Ads,forex_cfd,US,United States,verification_needed,"Rolling spot forex only; provider licensed by the NFA, meets leverage caps and risk warnings, and holds Google certification.",NFA,,Financial products and services: Complex speculative financial products,https://support.google.com/adspolicy/answer/15188218?hl=en,"targeting the United States, as long as the provider of these products is licensed by the National Futures Association (NFA).",yes,,2026-10-07,US product table lists rolling spot forex only; CFDs and spread betting not listed for the US. No financial services verification for the US.,high
GOO-FX-VN,2026-Q4,google_ads,Google Ads,forex_cfd,VN,Vietnam,not_allowed,Vietnam is not an approved targeted location for complex speculative financial products ads.,,,Financial products and services: Complex speculative financial products,https://support.google.com/adspolicy/answer/15188218?hl=en,"If your targeted location is not on the list of approved targeted locations, Complex speculative financial products mentioned above cannot be advertised.",yes,,2026-10-07,Vietnam not named anywhere on the policy page.,medium
GOO-FX-ZA,2026-Q4,google_ads,Google Ads,forex_cfd,ZA,South Africa,verification_needed,"Provider licensed by the FSCA, meets leverage caps and risk warnings, and holds Google complex speculative products certification.",FSCA,,Financial products and services: Complex speculative financial products,https://support.google.com/adspolicy/answer/15188218?hl=en,targeting South Africa as long as the provider of these products is licensed by the Financial Sector Conduct Authority (FSCA) in South Africa.,yes,,2026-10-07,"CFDs, rolling spot forex and spread betting listed for South Africa. No financial services verification for South Africa.",high
GOO-FX-EEA_OTHER,2026-Q4,google_ads,Google Ads,forex_cfd,EEA_OTHER,EEA countries other than Germany,verification_needed,"Provider licensed by an EEA national competent authority, Google certification, plus national financial services verification in each EEA country.","EEA national competent authority (e.g. CySEC, AFM, CBI)",,Financial products and services: Complex speculative financial products,https://support.google.com/adspolicy/answer/15188218?hl=en,as long as the provider of these products is licensed in the European Economic Area by a relevant national competent authority.,yes,,2026-10-07,"Exceptions: BE, FR, ES, LI not listed, so not allowed. DK being added October 2026 (Finanstilsynet). All other EEA states listed. FS verification also required EEA-wide since 15 Sep 2026.",high
GOO-FX-ROW,2026-Q4,google_ads,Google Ads,forex_cfd,ROW,Rest of world (platform default),not_allowed,Not allowed outside approved locations; certification route only where a country is listed with its own regulator.,,,Financial products and services: Complex speculative financial products,https://support.google.com/adspolicy/answer/15188218?hl=en,"If your targeted location is not on the list of approved targeted locations, Complex speculative financial products mentioned above cannot be advertised.",yes,,2026-10-07,"Other listed locations with own regulators: Canada (OSC), Hong Kong, Indonesia, Israel, Japan, New Zealand, Russia, Singapore, Switzerland, Taiwan, Türkiye; Chile added October 2026.",medium
GOO-CR-AE,2026-Q4,google_ads,Google Ads,crypto_exchange,AE,United Arab Emirates,verification_needed,"Exchange or wallet licensed by FSRA (multilateral trading facility) or by VARA, compliant with local law, and certified by Google.","FSRA, VARA",,Cryptocurrencies and related products,https://support.google.com/adspolicy/answer/14009787?hl=en,targeting the United Arab Emirates as long as the advertiser is either: licensed to operate a multilateral trading facility with the Financial Services Regulatory Authority,yes,2025-02-26,2026-10-07,"Feb 2025 notice also named DFSA, but the current policy page names only FSRA and VARA. Hardware wallets allowed with certification.",high
GOO-CR-AU,2026-Q4,google_ads,Google Ads,crypto_exchange,AU,Australia,not_allowed,Australia is not an approved targeted location for crypto exchange or wallet ads.,,,Cryptocurrencies and related products,https://support.google.com/adspolicy/answer/14009787?hl=en,"If your targeted location is not on this list, the cryptocurrencies and related products mentioned above can't be advertised.",yes,,2026-10-07,Australia not named anywhere on the crypto policy page despite local exchange registration regime.,medium
GOO-CR-BR,2026-Q4,google_ads,Google Ads,crypto_exchange,BR,Brazil,not_allowed,Brazil is not an approved targeted location for crypto exchange or wallet ads.,,,Cryptocurrencies and related products,https://support.google.com/adspolicy/answer/14009787?hl=en,"If your targeted location is not on this list, the cryptocurrencies and related products mentioned above can't be advertised.",yes,,2026-10-07,Brazil not named anywhere on the crypto policy page.,medium
GOO-CR-DE,2026-Q4,google_ads,Google Ads,crypto_exchange,DE,Germany,verification_needed,"Advertiser authorised as a CASP under MiCA, compliant with national rules, Google crypto certification, plus Germany financial services verification.",BaFin (MiCA CASP) or other EEA MiCA authority,,Cryptocurrencies and related products,https://support.google.com/adspolicy/answer/14009787?hl=en,Google allows ads promoting cryptocurrency exchanges and software wallets targeting ... Germany ... as long as the advertiser is authorized as a Crypto-Asset Service Provider (CASP),yes,2025-04-23,2026-10-07,MiCA rule effective 23 Apr 2025; German national licences accepted only until 30 Dec 2025. Hardware wallets allowed with certification.,high
GOO-CR-GB,2026-Q4,google_ads,Google Ads,crypto_exchange,GB,United Kingdom,verification_needed,"Exchange or wallet registered with the FCA, Google crypto certification, and UK financial services verification.",FCA,,Cryptocurrencies and related products,https://support.google.com/adspolicy/answer/14009787?hl=en,targeting the United Kingdom as long as the advertiser is registered with the Financial Conduct Authority (FCA).,yes,2025-01-15,2026-10-07,Exchanges and wallets covered; hardware wallets allowed with certification. UK financial services verification also applies.,high
GOO-CR-KE,2026-Q4,google_ads,Google Ads,crypto_exchange,KE,Kenya,not_allowed,Kenya is not an approved targeted location for crypto exchange or wallet ads.,,,Cryptocurrencies and related products,https://support.google.com/adspolicy/answer/14009787?hl=en,"If your targeted location is not on this list, the cryptocurrencies and related products mentioned above can't be advertised.",yes,,2026-10-07,Kenya not named anywhere on the crypto policy page.,medium
GOO-CR-MX,2026-Q4,google_ads,Google Ads,crypto_exchange,MX,Mexico,not_allowed,Mexico is not an approved targeted location for crypto exchange or wallet ads.,,,Cryptocurrencies and related products,https://support.google.com/adspolicy/answer/14009787?hl=en,"If your targeted location is not on this list, the cryptocurrencies and related products mentioned above can't be advertised.",yes,,2026-10-07,Mexico not named anywhere on the crypto policy page.,medium
GOO-CR-MY,2026-Q4,google_ads,Google Ads,crypto_exchange,MY,Malaysia,not_allowed,Malaysia is not an approved targeted location for crypto exchange or wallet ads.,,,Cryptocurrencies and related products,https://support.google.com/adspolicy/answer/14009787?hl=en,"If your targeted location is not on this list, the cryptocurrencies and related products mentioned above can't be advertised.",yes,,2026-10-07,Malaysia not named anywhere on the crypto policy page.,medium
GOO-CR-NG,2026-Q4,google_ads,Google Ads,crypto_exchange,NG,Nigeria,not_allowed,Nigeria is not an approved targeted location for crypto exchange or wallet ads.,,,Cryptocurrencies and related products,https://support.google.com/adspolicy/answer/14009787?hl=en,"If your targeted location is not on this list, the cryptocurrencies and related products mentioned above can't be advertised.",yes,,2026-10-07,Nigeria not named anywhere on the crypto policy page.,medium
GOO-CR-PH,2026-Q4,google_ads,Google Ads,crypto_exchange,PH,Philippines,verification_needed,"Exchange or wallet holding a BSP certificate of authority as a Money Services Business, and certified by Google.",BSP,,Cryptocurrencies and related products,https://support.google.com/adspolicy/answer/14009787?hl=en,"targeting Philippines, as long as the advertiser has obtained a certificate of authority as a Money Services Business from the Philippine Central Bank (BSP).",yes,,2026-10-07,Exchanges and wallets covered. No financial services verification for the Philippines.,high
GOO-CR-TH,2026-Q4,google_ads,Google Ads,crypto_exchange,TH,Thailand,verification_needed,"Exchange holding a Thai SEC Digital Asset Business licence, Google crypto certification, plus Thailand financial services verification.",SEC Thailand,,Cryptocurrencies and related products,https://support.google.com/adspolicy/answer/14009787?hl=en,"targeting Thailand, as long as the advertiser has obtained the relevant Digital Asset Business license from the Securities and Exchange Commission (SEC) of Thailand.",yes,,2026-10-07,Only exchanges listed for Thailand; software and hardware wallets not listed. Thailand financial services verification since 7 Nov 2024.,high
GOO-CR-US,2026-Q4,google_ads,Google Ads,crypto_exchange,US,United States,verification_needed,"Exchange registered with FinCEN as a money services business and a state money transmitter, or a federal or state chartered bank; Google certification.","FinCEN, state money transmitter regulators, bank regulators",,Cryptocurrencies and related products,https://support.google.com/adspolicy/answer/14009787?hl=en,as long as the advertiser either (a) is registered with FinCEN as a Money Services Business and with a state as a money transmitter,yes,,2026-10-07,Must also comply with state and federal law. No financial services verification for the US.,high
GOO-CR-VN,2026-Q4,google_ads,Google Ads,crypto_exchange,VN,Vietnam,not_allowed,Vietnam is not an approved targeted location for crypto exchange or wallet ads.,,,Cryptocurrencies and related products,https://support.google.com/adspolicy/answer/14009787?hl=en,"If your targeted location is not on this list, the cryptocurrencies and related products mentioned above can't be advertised.",yes,,2026-10-07,Vietnam not named anywhere on the crypto policy page.,medium
GOO-CR-ZA,2026-Q4,google_ads,Google Ads,crypto_exchange,ZA,South Africa,verification_needed,Exchange or wallet registered with the FSCA and certified by Google.,FSCA,,Cryptocurrencies and related products,https://support.google.com/adspolicy/answer/14009787?hl=en,targeting South Africa as long as the advertiser is registered with the Financial Sector Conduct Authority (FSCA).,yes,2025-02-12,2026-10-07,Exchanges and wallets covered; hardware wallets allowed with certification. No financial services verification for South Africa.,high
GOO-CR-EEA_OTHER,2026-Q4,google_ads,Google Ads,crypto_exchange,EEA_OTHER,EEA countries other than Germany,verification_needed,"Advertiser authorised as a CASP under MiCA, compliant with national rules, Google crypto certification, plus national financial services verification.","MiCA CASP authority (e.g. AMF, AFM, CySEC)",,Cryptocurrencies and related products,https://support.google.com/adspolicy/answer/14009787?hl=en,as long as the advertiser is authorized as a Crypto-Asset Service Provider (CASP) under the Markets in Crypto-Assets (MiCA) regulation,yes,2025-04-23,2026-10-07,"All 27 EU states listed. IS, LI, NO added August 2026. France accepts only MiCA since 1 Jul 2026 (AMF DASP dropped). FS verification required EEA-wide since 15 Sep 2026.",high
GOO-CR-ROW,2026-Q4,google_ads,Google Ads,crypto_exchange,ROW,Rest of world (platform default),not_allowed,Not allowed outside approved locations; certification route only where a country is listed with its own regulator.,,,Cryptocurrencies and related products,https://support.google.com/adspolicy/answer/14009787?hl=en,"If your targeted location is not on this list, the cryptocurrencies and related products mentioned above can't be advertised.",yes,,2026-10-07,"Other listed locations: Argentina, Bahrain, Canada, Hong Kong, Indonesia, Israel, Japan, South Korea, Switzerland. Each has its own licence rule plus Google certification.",medium
GOO-PF-AE,2026-Q4,google_ads,Google Ads,prop_firm,AE,United Arab Emirates,no_specific_rule,"No prop firm rule; general financial products and services rules apply (address, fee and accreditation disclosures, misrepresentation rules).",,,Financial products and services,https://support.google.com/adspolicy/answer/2464998?hl=en,"financial products and services are defined as products and services related to the management or investment of money and cryptocurrencies, including personalized advice.",yes,,2026-10-07,"Google policies never mention prop trading, funded traders or evaluations. Ads promoting CFD or forex trading may be judged under complex speculative products rules. No financial services verification in UAE.",medium
GOO-PF-AU,2026-Q4,google_ads,Google Ads,prop_firm,AU,Australia,no_specific_rule,"No prop firm rule. Google financial services verification covers investment, brokerage and day trading ads in this market, so it likely applies.",,,Financial Services Verification,https://support.google.com/adspolicy/answer/15332527?hl=en&co=GENIE.CountryCode%3DAU,in order to show financial services ads in Australia ... advertisers need to be verified by Google.,yes,2022-08-30,2026-10-07,Prop firms are not named. Treating them as financial services is our reading. Firms with no regulator may use the regulation exempt route where Google offers one.,medium
GOO-PF-BR,2026-Q4,google_ads,Google Ads,prop_firm,BR,Brazil,no_specific_rule,"No prop firm rule. Google financial services verification covers investment, brokerage and day trading ads in this market, so it likely applies.",,,Financial Services Verification,https://support.google.com/adspolicy/answer/15332527?hl=en&co=GENIE.CountryCode%3DBR,in order to show financial services ads in Brazil ... advertisers need to be verified by Google.,yes,2023-01-24,2026-10-07,Prop firms are not named. Treating them as financial services is our reading. Firms with no regulator may use the regulation exempt route where Google offers one.,medium
GOO-PF-DE,2026-Q4,google_ads,Google Ads,prop_firm,DE,Germany,no_specific_rule,"No prop firm rule. Google financial services verification covers investment, brokerage and day trading ads in this market, so it likely applies.",,,Financial Services Verification,https://support.google.com/adspolicy/answer/15332527?hl=en&co=GENIE.CountryCode%3DDE,in order to show financial services ads in Germany ... advertisers need to be verified by Google.,yes,2023-01-24,2026-10-07,Prop firms are not named. Treating them as financial services is our reading. Firms with no regulator may use the regulation exempt route where Google offers one.,medium
GOO-PF-GB,2026-Q4,google_ads,Google Ads,prop_firm,GB,United Kingdom,no_specific_rule,"No prop firm rule. Google financial services verification covers investment, brokerage and day trading ads in this market, so it likely applies.",,,Financial Services Verification,https://support.google.com/adspolicy/answer/15332527?hl=en&co=GENIE.CountryCode%3DGB,In order to show financial services ads of any kind in the UK ... advertisers need to be verified by Google.,yes,2021-09-06,2026-10-07,Prop firms are not named. Treating them as financial services is our reading. Firms with no regulator may use the regulation exempt route where Google offers one.,medium
GOO-PF-KE,2026-Q4,google_ads,Google Ads,prop_firm,KE,Kenya,no_specific_rule,"No prop firm rule; general financial products and services rules apply (address, fee and accreditation disclosures, misrepresentation rules).",,,Financial products and services,https://support.google.com/adspolicy/answer/2464998?hl=en,"financial products and services are defined as products and services related to the management or investment of money and cryptocurrencies, including personalized advice.",yes,,2026-10-07,"Google policies never mention prop trading, funded traders or evaluations. Ads promoting CFD or forex trading may be judged under complex speculative products rules. No financial services verification in Kenya.",medium
GOO-PF-MX,2026-Q4,google_ads,Google Ads,prop_firm,MX,Mexico,no_specific_rule,"No prop firm rule; general financial products and services rules apply (address, fee and accreditation disclosures, misrepresentation rules).",,,Financial products and services,https://support.google.com/adspolicy/answer/2464998?hl=en,"financial products and services are defined as products and services related to the management or investment of money and cryptocurrencies, including personalized advice.",yes,,2026-10-07,"Google policies never mention prop trading, funded traders or evaluations. Ads promoting CFD or forex trading may be judged under complex speculative products rules. No financial services verification in Mexico.",medium
GOO-PF-MY,2026-Q4,google_ads,Google Ads,prop_firm,MY,Malaysia,no_specific_rule,"No prop firm rule. Google financial services verification covers investment, brokerage and day trading ads in this market, so it likely applies.",,,Financial Services Verification,https://support.google.com/adspolicy/answer/15332527?hl=en&co=GENIE.CountryCode%3DMY,Financial services providers and non-financial services providers are required to be verified by Google if you're running ads,yes,2026-04-14,2026-10-07,Prop firms are not named. Treating them as financial services is our reading. Firms with no regulator may use the regulation exempt route where Google offers one.,medium
GOO-PF-NG,2026-Q4,google_ads,Google Ads,prop_firm,NG,Nigeria,no_specific_rule,"No prop firm rule; general financial products and services rules apply (address, fee and accreditation disclosures, misrepresentation rules).",,,Financial products and services,https://support.google.com/adspolicy/answer/2464998?hl=en,"financial products and services are defined as products and services related to the management or investment of money and cryptocurrencies, including personalized advice.",yes,,2026-10-07,"Google policies never mention prop trading, funded traders or evaluations. Ads promoting CFD or forex trading may be judged under complex speculative products rules. No financial services verification in Nigeria.",medium
GOO-PF-PH,2026-Q4,google_ads,Google Ads,prop_firm,PH,Philippines,no_specific_rule,"No prop firm rule; general financial products and services rules apply (address, fee and accreditation disclosures, misrepresentation rules).",,,Financial products and services,https://support.google.com/adspolicy/answer/2464998?hl=en,"financial products and services are defined as products and services related to the management or investment of money and cryptocurrencies, including personalized advice.",yes,,2026-10-07,"Google policies never mention prop trading, funded traders or evaluations. Ads promoting CFD or forex trading may be judged under complex speculative products rules. No financial services verification in the Philippines.",medium
GOO-PF-TH,2026-Q4,google_ads,Google Ads,prop_firm,TH,Thailand,no_specific_rule,"No prop firm rule. Google financial services verification covers investment, brokerage and day trading ads in this market, so it likely applies.",,,Financial Services Verification,https://support.google.com/adspolicy/answer/15332527?hl=en&co=GENIE.CountryCode%3DTH,Financial services providers and non-financial services providers are required to be verified by Google if you're running ads,yes,2024-11-07,2026-10-07,Prop firms are not named. Treating them as financial services is our reading. Firms with no regulator may use the regulation exempt route where Google offers one.,medium
GOO-PF-US,2026-Q4,google_ads,Google Ads,prop_firm,US,United States,no_specific_rule,"No prop firm rule; general financial products and services rules apply (address, fee and accreditation disclosures, misrepresentation rules).",,,Financial products and services,https://support.google.com/adspolicy/answer/2464998?hl=en,"financial products and services are defined as products and services related to the management or investment of money and cryptocurrencies, including personalized advice.",yes,,2026-10-07,"Google policies never mention prop trading, funded traders or evaluations. Ads promoting CFD or forex trading may be judged under complex speculative products rules. No financial services verification in the US.",medium
GOO-PF-VN,2026-Q4,google_ads,Google Ads,prop_firm,VN,Vietnam,no_specific_rule,"No prop firm rule; general financial products and services rules apply (address, fee and accreditation disclosures, misrepresentation rules).",,,Financial products and services,https://support.google.com/adspolicy/answer/2464998?hl=en,"financial products and services are defined as products and services related to the management or investment of money and cryptocurrencies, including personalized advice.",yes,,2026-10-07,"Google policies never mention prop trading, funded traders or evaluations. Ads promoting CFD or forex trading may be judged under complex speculative products rules. No financial services verification in Vietnam.",medium
GOO-PF-ZA,2026-Q4,google_ads,Google Ads,prop_firm,ZA,South Africa,no_specific_rule,"No prop firm rule; general financial products and services rules apply (address, fee and accreditation disclosures, misrepresentation rules).",,,Financial products and services,https://support.google.com/adspolicy/answer/2464998?hl=en,"financial products and services are defined as products and services related to the management or investment of money and cryptocurrencies, including personalized advice.",yes,,2026-10-07,"Google policies never mention prop trading, funded traders or evaluations. Ads promoting CFD or forex trading may be judged under complex speculative products rules. No financial services verification in South Africa.",medium
GOO-PF-EEA_OTHER,2026-Q4,google_ads,Google Ads,prop_firm,EEA_OTHER,EEA countries other than Germany,no_specific_rule,"No prop firm rule. Google financial services verification covers investment, brokerage and day trading ads in this market, so it likely applies.",,,Financial Services Verification,https://support.google.com/adspolicy/answer/15332527?hl=en&co=GENIE.CountryCode%3DPL,Financial services providers and non-financial services providers are required to be verified by Google if you're running ads,yes,2026-09-15,2026-10-07,Prop firms are not named. Treating them as financial services is our reading. Firms with no regulator may use the regulation exempt route where Google offers one.,medium
GOO-PF-ROW,2026-Q4,google_ads,Google Ads,prop_firm,ROW,Rest of world (platform default),no_specific_rule,"No prop firm rule; general financial products and services rules apply (address, fee and accreditation disclosures, misrepresentation rules).",,,Financial products and services,https://support.google.com/adspolicy/answer/2464998?hl=en,"financial products and services are defined as products and services related to the management or investment of money and cryptocurrencies, including personalized advice.",yes,,2026-10-07,"Google policies never mention prop trading, funded traders or evaluations. Ads promoting CFD or forex trading may be judged under complex speculative products rules. Verification applies in IN, ID, SG, TW, NZ, KR, TR.",medium
MET-FX-AE,2026-Q4,meta,Meta,forex_cfd,AE,United Arab Emirates,not_allowed,"Meta bans ads for CFD trading worldwide. Spot forex is not named, so treat forex brokers that offer CFDs as blocked.",,,Prohibited financial products and services,https://transparency.meta.com/en-gb/policies/ad-standards/deceptive-content/prohibited-financial-products-and-services/,Contract for difference trading: A financial contract that pays the differences in the settlement price between the open and closing trades,yes,,2026-10-07,"Same rule worldwide. Spot forex is not named; it falls under financial services rules, which may need a local licence.",medium
MET-FX-AU,2026-Q4,meta,Meta,forex_cfd,AU,Australia,not_allowed,"Meta bans ads for CFD trading worldwide. Spot forex is not named, so treat forex brokers that offer CFDs as blocked.",,,Prohibited financial products and services,https://transparency.meta.com/en-gb/policies/ad-standards/deceptive-content/prohibited-financial-products-and-services/,Contract for difference trading: A financial contract that pays the differences in the settlement price between the open and closing trades,yes,,2026-10-07,"Same rule worldwide. Spot forex is not named; it falls under financial services rules, which may need a local licence.",medium
MET-FX-BR,2026-Q4,meta,Meta,forex_cfd,BR,Brazil,not_allowed,"Meta bans ads for CFD trading worldwide. Spot forex is not named, so treat forex brokers that offer CFDs as blocked.",,,Prohibited financial products and services,https://transparency.meta.com/en-gb/policies/ad-standards/deceptive-content/prohibited-financial-products-and-services/,Contract for difference trading: A financial contract that pays the differences in the settlement price between the open and closing trades,yes,,2026-10-07,"Same rule worldwide. Spot forex is not named; it falls under financial services rules, which may need a local licence.",medium
MET-FX-DE,2026-Q4,meta,Meta,forex_cfd,DE,Germany,not_allowed,"Meta bans ads for CFD trading worldwide. Spot forex is not named, so treat forex brokers that offer CFDs as blocked.",,,Prohibited financial products and services,https://transparency.meta.com/en-gb/policies/ad-standards/deceptive-content/prohibited-financial-products-and-services/,Contract for difference trading: A financial contract that pays the differences in the settlement price between the open and closing trades,yes,,2026-10-07,"Same rule worldwide. Spot forex is not named; it falls under financial services rules, which may need a local licence.",medium
MET-FX-GB,2026-Q4,meta,Meta,forex_cfd,GB,United Kingdom,not_allowed,"Meta bans ads for CFD trading worldwide. Spot forex is not named, so treat forex brokers that offer CFDs as blocked.",,,Prohibited financial products and services,https://transparency.meta.com/en-gb/policies/ad-standards/deceptive-content/prohibited-financial-products-and-services/,Contract for difference trading: A financial contract that pays the differences in the settlement price between the open and closing trades,yes,,2026-10-07,"Same rule worldwide. Spot forex is not named; it falls under financial services rules, which may need a local licence.",medium
MET-FX-KE,2026-Q4,meta,Meta,forex_cfd,KE,Kenya,not_allowed,"Meta bans ads for CFD trading worldwide. Spot forex is not named, so treat forex brokers that offer CFDs as blocked.",,,Prohibited financial products and services,https://transparency.meta.com/en-gb/policies/ad-standards/deceptive-content/prohibited-financial-products-and-services/,Contract for difference trading: A financial contract that pays the differences in the settlement price between the open and closing trades,yes,,2026-10-07,"Same rule worldwide. Spot forex is not named; it falls under financial services rules, which may need a local licence.",medium
MET-FX-MX,2026-Q4,meta,Meta,forex_cfd,MX,Mexico,not_allowed,"Meta bans ads for CFD trading worldwide. Spot forex is not named, so treat forex brokers that offer CFDs as blocked.",,,Prohibited financial products and services,https://transparency.meta.com/en-gb/policies/ad-standards/deceptive-content/prohibited-financial-products-and-services/,Contract for difference trading: A financial contract that pays the differences in the settlement price between the open and closing trades,yes,,2026-10-07,"Same rule worldwide. Spot forex is not named; it falls under financial services rules, which may need a local licence.",medium
MET-FX-MY,2026-Q4,meta,Meta,forex_cfd,MY,Malaysia,not_allowed,"Meta bans ads for CFD trading worldwide. Spot forex is not named, so treat forex brokers that offer CFDs as blocked.",,,Prohibited financial products and services,https://transparency.meta.com/en-gb/policies/ad-standards/deceptive-content/prohibited-financial-products-and-services/,Contract for difference trading: A financial contract that pays the differences in the settlement price between the open and closing trades,yes,,2026-10-07,"Same rule worldwide. Spot forex is not named; it falls under financial services rules, which may need a local licence.",medium
MET-FX-NG,2026-Q4,meta,Meta,forex_cfd,NG,Nigeria,not_allowed,"Meta bans ads for CFD trading worldwide. Spot forex is not named, so treat forex brokers that offer CFDs as blocked.",,,Prohibited financial products and services,https://transparency.meta.com/en-gb/policies/ad-standards/deceptive-content/prohibited-financial-products-and-services/,Contract for difference trading: A financial contract that pays the differences in the settlement price between the open and closing trades,yes,,2026-10-07,"Same rule worldwide. Spot forex is not named; it falls under financial services rules, which may need a local licence.",medium
MET-FX-PH,2026-Q4,meta,Meta,forex_cfd,PH,Philippines,not_allowed,"Meta bans ads for CFD trading worldwide. Spot forex is not named, so treat forex brokers that offer CFDs as blocked.",,,Prohibited financial products and services,https://transparency.meta.com/en-gb/policies/ad-standards/deceptive-content/prohibited-financial-products-and-services/,Contract for difference trading: A financial contract that pays the differences in the settlement price between the open and closing trades,yes,,2026-10-07,"Same rule worldwide. Spot forex is not named; it falls under financial services rules, which may need a local licence.",medium
MET-FX-TH,2026-Q4,meta,Meta,forex_cfd,TH,Thailand,not_allowed,"Meta bans ads for CFD trading worldwide. Spot forex is not named, so treat forex brokers that offer CFDs as blocked.",,,Prohibited financial products and services,https://transparency.meta.com/en-gb/policies/ad-standards/deceptive-content/prohibited-financial-products-and-services/,Contract for difference trading: A financial contract that pays the differences in the settlement price between the open and closing trades,yes,,2026-10-07,"Same rule worldwide. Spot forex is not named; it falls under financial services rules, which may need a local licence.",medium
MET-FX-US,2026-Q4,meta,Meta,forex_cfd,US,United States,not_allowed,"Meta bans ads for CFD trading worldwide. Spot forex is not named, so treat forex brokers that offer CFDs as blocked.",,,Prohibited financial products and services,https://transparency.meta.com/en-gb/policies/ad-standards/deceptive-content/prohibited-financial-products-and-services/,Contract for difference trading: A financial contract that pays the differences in the settlement price between the open and closing trades,yes,,2026-10-07,CFD ban is global. US investment ads also must not push people to direct messages. Spot forex not named.,medium
MET-FX-VN,2026-Q4,meta,Meta,forex_cfd,VN,Vietnam,not_allowed,"Meta bans ads for CFD trading worldwide. Spot forex is not named, so treat forex brokers that offer CFDs as blocked.",,,Prohibited financial products and services,https://transparency.meta.com/en-gb/policies/ad-standards/deceptive-content/prohibited-financial-products-and-services/,Contract for difference trading: A financial contract that pays the differences in the settlement price between the open and closing trades,yes,,2026-10-07,"Same rule worldwide. Spot forex is not named; it falls under financial services rules, which may need a local licence.",medium
MET-FX-ZA,2026-Q4,meta,Meta,forex_cfd,ZA,South Africa,not_allowed,"Meta bans ads for CFD trading worldwide. Spot forex is not named, so treat forex brokers that offer CFDs as blocked.",,,Prohibited financial products and services,https://transparency.meta.com/en-gb/policies/ad-standards/deceptive-content/prohibited-financial-products-and-services/,Contract for difference trading: A financial contract that pays the differences in the settlement price between the open and closing trades,yes,,2026-10-07,"Same rule worldwide. Spot forex is not named; it falls under financial services rules, which may need a local licence.",medium
MET-FX-EEA_OTHER,2026-Q4,meta,Meta,forex_cfd,EEA_OTHER,EEA countries other than Germany,not_allowed,"Meta bans ads for CFD trading worldwide. Spot forex is not named, so treat forex brokers that offer CFDs as blocked.",,,Prohibited financial products and services,https://transparency.meta.com/en-gb/policies/ad-standards/deceptive-content/prohibited-financial-products-and-services/,Contract for difference trading: A financial contract that pays the differences in the settlement price between the open and closing trades,yes,,2026-10-07,"Same rule worldwide. Spot forex is not named; it falls under financial services rules, which may need a local licence.",medium
MET-FX-ROW,2026-Q4,meta,Meta,forex_cfd,ROW,Rest of world (platform default),not_allowed,"Meta bans ads for CFD trading worldwide. Spot forex is not named, so treat forex brokers that offer CFDs as blocked.",,,Prohibited financial products and services,https://transparency.meta.com/en-gb/policies/ad-standards/deceptive-content/prohibited-financial-products-and-services/,Contract for difference trading: A financial contract that pays the differences in the settlement price between the open and closing trades,yes,,2026-10-07,"Same rule worldwide. Spot forex is not named; it falls under financial services rules, which may need a local licence.",medium
MET-CR-AE,2026-Q4,meta,Meta,crypto_exchange,AE,United Arab Emirates,written_permission_needed,Apply in Meta Business Suite (Authorisations and verifications) with a recognised licence or registration. Crypto affiliate and aggregator sites also need permission.,"ADGM FSRA, CBUAE, DFSA, VARA",,Cryptocurrency products and services,https://transparency.meta.com/en-gb/policies/ad-standards/restricted-goods-services/cryptocurrency-products-and-services/,advertisers will need to submit a recognised regulatory licence or registration and obtain written permission from Meta,yes,,2026-10-07,Meta lists accepted licences for this market.,high
MET-CR-AU,2026-Q4,meta,Meta,crypto_exchange,AU,Australia,written_permission_needed,Apply in Meta Business Suite (Authorisations and verifications) with a recognised licence or registration. Crypto affiliate and aggregator sites also need permission.,"AUSTRAC, ASIC",,Cryptocurrency products and services,https://transparency.meta.com/en-gb/policies/ad-standards/restricted-goods-services/cryptocurrency-products-and-services/,advertisers will need to submit a recognised regulatory licence or registration and obtain written permission from Meta,yes,,2026-10-07,Meta lists accepted licences for this market.,high
MET-CR-BR,2026-Q4,meta,Meta,crypto_exchange,BR,Brazil,written_permission_needed,Apply in Meta Business Suite (Authorisations and verifications) with a recognised licence or registration. Crypto affiliate and aggregator sites also need permission.,,,Cryptocurrency products and services,https://transparency.meta.com/en-gb/policies/ad-standards/restricted-goods-services/cryptocurrency-products-and-services/,advertisers will need to submit a recognised regulatory licence or registration and obtain written permission from Meta,yes,,2026-10-07,"Meta lists no accepted licence for this market, so there is no clear route to permission.",medium
MET-CR-DE,2026-Q4,meta,Meta,crypto_exchange,DE,Germany,written_permission_needed,Apply in Meta Business Suite (Authorisations and verifications) with a recognised licence or registration. Crypto affiliate and aggregator sites also need permission.,BaFin,,Cryptocurrency products and services,https://transparency.meta.com/en-gb/policies/ad-standards/restricted-goods-services/cryptocurrency-products-and-services/,advertisers will need to submit a recognised regulatory licence or registration and obtain written permission from Meta,yes,,2026-10-07,Meta lists accepted licences for this market.,high
MET-CR-GB,2026-Q4,meta,Meta,crypto_exchange,GB,United Kingdom,written_permission_needed,Apply in Meta Business Suite (Authorisations and verifications) with a recognised licence or registration. Crypto affiliate and aggregator sites also need permission.,FCA,,Cryptocurrency products and services,https://transparency.meta.com/en-gb/policies/ad-standards/restricted-goods-services/cryptocurrency-products-and-services/,advertisers will need to submit a recognised regulatory licence or registration and obtain written permission from Meta,yes,,2026-10-07,Meta lists accepted licences for this market.,high
MET-CR-KE,2026-Q4,meta,Meta,crypto_exchange,KE,Kenya,written_permission_needed,Apply in Meta Business Suite (Authorisations and verifications) with a recognised licence or registration. Crypto affiliate and aggregator sites also need permission.,,,Cryptocurrency products and services,https://transparency.meta.com/en-gb/policies/ad-standards/restricted-goods-services/cryptocurrency-products-and-services/,advertisers will need to submit a recognised regulatory licence or registration and obtain written permission from Meta,yes,,2026-10-07,"Meta lists no accepted licence for this market, so there is no clear route to permission.",medium
MET-CR-MX,2026-Q4,meta,Meta,crypto_exchange,MX,Mexico,written_permission_needed,Apply in Meta Business Suite (Authorisations and verifications) with a recognised licence or registration. Crypto affiliate and aggregator sites also need permission.,,,Cryptocurrency products and services,https://transparency.meta.com/en-gb/policies/ad-standards/restricted-goods-services/cryptocurrency-products-and-services/,advertisers will need to submit a recognised regulatory licence or registration and obtain written permission from Meta,yes,,2026-10-07,"Meta lists no accepted licence for this market, so there is no clear route to permission.",medium
MET-CR-MY,2026-Q4,meta,Meta,crypto_exchange,MY,Malaysia,written_permission_needed,Apply in Meta Business Suite (Authorisations and verifications) with a recognised licence or registration. Crypto affiliate and aggregator sites also need permission.,Securities Commission Malaysia,,Cryptocurrency products and services,https://transparency.meta.com/en-gb/policies/ad-standards/restricted-goods-services/cryptocurrency-products-and-services/,advertisers will need to submit a recognised regulatory licence or registration and obtain written permission from Meta,yes,,2026-10-07,Meta lists accepted licences for this market.,high
MET-CR-NG,2026-Q4,meta,Meta,crypto_exchange,NG,Nigeria,written_permission_needed,Apply in Meta Business Suite (Authorisations and verifications) with a recognised licence or registration. Crypto affiliate and aggregator sites also need permission.,,,Cryptocurrency products and services,https://transparency.meta.com/en-gb/policies/ad-standards/restricted-goods-services/cryptocurrency-products-and-services/,advertisers will need to submit a recognised regulatory licence or registration and obtain written permission from Meta,yes,,2026-10-07,"Meta lists no accepted licence for this market, so there is no clear route to permission.",medium
MET-CR-PH,2026-Q4,meta,Meta,crypto_exchange,PH,Philippines,written_permission_needed,Apply in Meta Business Suite (Authorisations and verifications) with a recognised licence or registration. Crypto affiliate and aggregator sites also need permission.,BSP,,Cryptocurrency products and services,https://transparency.meta.com/en-gb/policies/ad-standards/restricted-goods-services/cryptocurrency-products-and-services/,advertisers will need to submit a recognised regulatory licence or registration and obtain written permission from Meta,yes,,2026-10-07,Meta lists accepted licences for this market.,high
MET-CR-TH,2026-Q4,meta,Meta,crypto_exchange,TH,Thailand,written_permission_needed,Apply in Meta Business Suite (Authorisations and verifications) with a recognised licence or registration. Crypto affiliate and aggregator sites also need permission.,Thai SEC,,Cryptocurrency products and services,https://transparency.meta.com/en-gb/policies/ad-standards/restricted-goods-services/cryptocurrency-products-and-services/,advertisers will need to submit a recognised regulatory licence or registration and obtain written permission from Meta,yes,,2026-10-07,Meta lists accepted licences for this market.,high
MET-CR-US,2026-Q4,meta,Meta,crypto_exchange,US,United States,written_permission_needed,Apply in Meta Business Suite (Authorisations and verifications) with a recognised licence or registration. Crypto affiliate and aggregator sites also need permission.,"FinCEN, NYDFS",,Cryptocurrency products and services,https://transparency.meta.com/en-gb/policies/ad-standards/restricted-goods-services/cryptocurrency-products-and-services/,advertisers will need to submit a recognised regulatory licence or registration and obtain written permission from Meta,yes,,2026-10-07,Meta lists accepted licences for this market.,high
MET-CR-VN,2026-Q4,meta,Meta,crypto_exchange,VN,Vietnam,written_permission_needed,Apply in Meta Business Suite (Authorisations and verifications) with a recognised licence or registration. Crypto affiliate and aggregator sites also need permission.,,,Cryptocurrency products and services,https://transparency.meta.com/en-gb/policies/ad-standards/restricted-goods-services/cryptocurrency-products-and-services/,advertisers will need to submit a recognised regulatory licence or registration and obtain written permission from Meta,yes,,2026-10-07,"Meta lists no accepted licence for this market, so there is no clear route to permission.",medium
MET-CR-ZA,2026-Q4,meta,Meta,crypto_exchange,ZA,South Africa,written_permission_needed,Apply in Meta Business Suite (Authorisations and verifications) with a recognised licence or registration. Crypto affiliate and aggregator sites also need permission.,,,Cryptocurrency products and services,https://transparency.meta.com/en-gb/policies/ad-standards/restricted-goods-services/cryptocurrency-products-and-services/,advertisers will need to submit a recognised regulatory licence or registration and obtain written permission from Meta,yes,,2026-10-07,"Meta lists no accepted licence for this market, so there is no clear route to permission.",medium
MET-CR-EEA_OTHER,2026-Q4,meta,Meta,crypto_exchange,EEA_OTHER,EEA countries other than Germany,written_permission_needed,Apply in Meta Business Suite (Authorisations and verifications) with a recognised licence or registration. Crypto affiliate and aggregator sites also need permission.,"FMA (AT), EE FIU, Fin-FSA, AMF, CSSF, MFSA, DNB, Finanstilsynet (NO), Banco de Portugal, Banco de Espana, Finansinspektionen",,Cryptocurrency products and services,https://transparency.meta.com/en-gb/policies/ad-standards/restricted-goods-services/cryptocurrency-products-and-services/,advertisers will need to submit a recognised regulatory licence or registration and obtain written permission from Meta,yes,,2026-10-07,Meta lists accepted licences for this market.,high
MET-CR-ROW,2026-Q4,meta,Meta,crypto_exchange,ROW,Rest of world (platform default),written_permission_needed,Apply in Meta Business Suite (Authorisations and verifications) with a recognised licence or registration. Crypto affiliate and aggregator sites also need permission.,,,Cryptocurrency products and services,https://transparency.meta.com/en-gb/policies/ad-standards/restricted-goods-services/cryptocurrency-products-and-services/,advertisers will need to submit a recognised regulatory licence or registration and obtain written permission from Meta,yes,,2026-10-07,"Meta lists accepted licences for about 30 countries, including CA, CH, HK, ID, JP, SG and KR. Elsewhere there is no clear route.",medium
MET-PF-AE,2026-Q4,meta,Meta,prop_firm,AE,United Arab Emirates,no_specific_rule,No prop firm rule. Financial services rules apply: Meta may ask for identity checks and a local licence.,,,Financial and insurance products and services,https://transparency.meta.com/en-gb/policies/ad-standards/restricted-goods-services/financial-services/,Advertisers may be required to be licensed in the country that they are targeting if they wish to run ads for financial products or services.,yes,,2026-10-07,No Meta policy names prop firms or trading challenges. Press reported prop firm account removals in April to May 2026.,medium
MET-PF-AU,2026-Q4,meta,Meta,prop_firm,AU,Australia,no_specific_rule,No prop firm rule. Financial services rules apply: Meta may ask for identity checks and a local licence.,,,Financial and insurance products and services,https://transparency.meta.com/en-gb/policies/ad-standards/restricted-goods-services/financial-services/,Advertisers may be required to be licensed in the country that they are targeting if they wish to run ads for financial products or services.,yes,,2026-10-07,No Meta policy names prop firms or trading challenges. Press reported prop firm account removals in April to May 2026.,medium
MET-PF-BR,2026-Q4,meta,Meta,prop_firm,BR,Brazil,no_specific_rule,No prop firm rule. Financial services rules apply: Meta may ask for identity checks and a local licence.,,,Financial and insurance products and services,https://transparency.meta.com/en-gb/policies/ad-standards/restricted-goods-services/financial-services/,Advertisers may be required to be licensed in the country that they are targeting if they wish to run ads for financial products or services.,yes,,2026-10-07,No Meta policy names prop firms or trading challenges. Press reported prop firm account removals in April to May 2026.,medium
MET-PF-DE,2026-Q4,meta,Meta,prop_firm,DE,Germany,no_specific_rule,No prop firm rule. Financial services rules apply: Meta may ask for identity checks and a local licence.,,,Financial and insurance products and services,https://transparency.meta.com/en-gb/policies/ad-standards/restricted-goods-services/financial-services/,Advertisers may be required to be licensed in the country that they are targeting if they wish to run ads for financial products or services.,yes,,2026-10-07,No Meta policy names prop firms or trading challenges. Press reported prop firm account removals in April to May 2026.,medium
MET-PF-GB,2026-Q4,meta,Meta,prop_firm,GB,United Kingdom,no_specific_rule,No prop firm rule. Financial services rules apply: Meta may ask for identity checks and a local licence.,,,Financial and insurance products and services,https://transparency.meta.com/en-gb/policies/ad-standards/restricted-goods-services/financial-services/,Advertisers may be required to be licensed in the country that they are targeting if they wish to run ads for financial products or services.,yes,,2026-10-07,No Meta policy names prop firms or trading challenges. Press reported prop firm account removals in April to May 2026.,medium
MET-PF-KE,2026-Q4,meta,Meta,prop_firm,KE,Kenya,no_specific_rule,No prop firm rule. Financial services rules apply: Meta may ask for identity checks and a local licence.,,,Financial and insurance products and services,https://transparency.meta.com/en-gb/policies/ad-standards/restricted-goods-services/financial-services/,Advertisers may be required to be licensed in the country that they are targeting if they wish to run ads for financial products or services.,yes,,2026-10-07,No Meta policy names prop firms or trading challenges. Press reported prop firm account removals in April to May 2026.,medium
MET-PF-MX,2026-Q4,meta,Meta,prop_firm,MX,Mexico,no_specific_rule,No prop firm rule. Financial services rules apply: Meta may ask for identity checks and a local licence.,,,Financial and insurance products and services,https://transparency.meta.com/en-gb/policies/ad-standards/restricted-goods-services/financial-services/,Advertisers may be required to be licensed in the country that they are targeting if they wish to run ads for financial products or services.,yes,,2026-10-07,No Meta policy names prop firms or trading challenges. Press reported prop firm account removals in April to May 2026.,medium
MET-PF-MY,2026-Q4,meta,Meta,prop_firm,MY,Malaysia,no_specific_rule,No prop firm rule. Financial services rules apply: Meta may ask for identity checks and a local licence.,,,Financial and insurance products and services,https://transparency.meta.com/en-gb/policies/ad-standards/restricted-goods-services/financial-services/,Advertisers may be required to be licensed in the country that they are targeting if they wish to run ads for financial products or services.,yes,,2026-10-07,No Meta policy names prop firms or trading challenges. Press reported prop firm account removals in April to May 2026.,medium
MET-PF-NG,2026-Q4,meta,Meta,prop_firm,NG,Nigeria,no_specific_rule,No prop firm rule. Financial services rules apply: Meta may ask for identity checks and a local licence.,,,Financial and insurance products and services,https://transparency.meta.com/en-gb/policies/ad-standards/restricted-goods-services/financial-services/,Advertisers may be required to be licensed in the country that they are targeting if they wish to run ads for financial products or services.,yes,,2026-10-07,No Meta policy names prop firms or trading challenges. Press reported prop firm account removals in April to May 2026.,medium
MET-PF-PH,2026-Q4,meta,Meta,prop_firm,PH,Philippines,no_specific_rule,No prop firm rule. Financial services rules apply: Meta may ask for identity checks and a local licence.,,,Financial and insurance products and services,https://transparency.meta.com/en-gb/policies/ad-standards/restricted-goods-services/financial-services/,Advertisers may be required to be licensed in the country that they are targeting if they wish to run ads for financial products or services.,yes,,2026-10-07,No Meta policy names prop firms or trading challenges. Press reported prop firm account removals in April to May 2026.,medium
MET-PF-TH,2026-Q4,meta,Meta,prop_firm,TH,Thailand,no_specific_rule,No prop firm rule. Financial services rules apply: Meta may ask for identity checks and a local licence.,,,Financial and insurance products and services,https://transparency.meta.com/en-gb/policies/ad-standards/restricted-goods-services/financial-services/,Advertisers may be required to be licensed in the country that they are targeting if they wish to run ads for financial products or services.,yes,,2026-10-07,No Meta policy names prop firms or trading challenges. Press reported prop firm account removals in April to May 2026.,medium
MET-PF-US,2026-Q4,meta,Meta,prop_firm,US,United States,no_specific_rule,No prop firm rule. Financial services rules apply: Meta may ask for identity checks and a local licence.,,,Financial and insurance products and services,https://transparency.meta.com/en-gb/policies/ad-standards/restricted-goods-services/financial-services/,Advertisers may be required to be licensed in the country that they are targeting if they wish to run ads for financial products or services.,yes,,2026-10-07,No Meta policy names prop firms or trading challenges. Press reported prop firm account removals in April to May 2026. US investment ads must not push people to direct messages.,medium
MET-PF-VN,2026-Q4,meta,Meta,prop_firm,VN,Vietnam,no_specific_rule,No prop firm rule. Financial services rules apply: Meta may ask for identity checks and a local licence.,,,Financial and insurance products and services,https://transparency.meta.com/en-gb/policies/ad-standards/restricted-goods-services/financial-services/,Advertisers may be required to be licensed in the country that they are targeting if they wish to run ads for financial products or services.,yes,,2026-10-07,No Meta policy names prop firms or trading challenges. Press reported prop firm account removals in April to May 2026.,medium
MET-PF-ZA,2026-Q4,meta,Meta,prop_firm,ZA,South Africa,no_specific_rule,No prop firm rule. Financial services rules apply: Meta may ask for identity checks and a local licence.,,,Financial and insurance products and services,https://transparency.meta.com/en-gb/policies/ad-standards/restricted-goods-services/financial-services/,Advertisers may be required to be licensed in the country that they are targeting if they wish to run ads for financial products or services.,yes,,2026-10-07,No Meta policy names prop firms or trading challenges. Press reported prop firm account removals in April to May 2026.,medium
MET-PF-EEA_OTHER,2026-Q4,meta,Meta,prop_firm,EEA_OTHER,EEA countries other than Germany,no_specific_rule,No prop firm rule. Financial services rules apply: Meta may ask for identity checks and a local licence.,,,Financial and insurance products and services,https://transparency.meta.com/en-gb/policies/ad-standards/restricted-goods-services/financial-services/,Advertisers may be required to be licensed in the country that they are targeting if they wish to run ads for financial products or services.,yes,,2026-10-07,No Meta policy names prop firms or trading challenges. Press reported prop firm account removals in April to May 2026.,medium
MET-PF-ROW,2026-Q4,meta,Meta,prop_firm,ROW,Rest of world (platform default),no_specific_rule,No prop firm rule. Financial services rules apply: Meta may ask for identity checks and a local licence.,,,Financial and insurance products and services,https://transparency.meta.com/en-gb/policies/ad-standards/restricted-goods-services/financial-services/,Advertisers may be required to be licensed in the country that they are targeting if they wish to run ads for financial products or services.,yes,,2026-10-07,No Meta policy names prop firms or trading challenges. Press reported prop firm account removals in April to May 2026.,medium
MSA-FX-AE,2026-Q4,microsoft_ads,Microsoft Advertising,forex_cfd,AE,United Arab Emirates,not_allowed,CFD ads are not allowed outside the DE and GB pilot.,,,Pilot Programs Policies: Contract for Difference CFD,https://help.ads.microsoft.com/#apex/ads/en/60321/0,"If a country is not listed in that policy's market restriction dropdown, then CFDs are not allowed.",yes,,2026-10-07,CFD pilot covers only DE and GB. Spot forex is not named anywhere in Microsoft policy. Any finance ad in the UAE needs a licensed financial institution.,medium
MSA-FX-AU,2026-Q4,microsoft_ads,Microsoft Advertising,forex_cfd,AU,Australia,not_allowed,CFD ads are not allowed outside the DE and GB pilot.,,,Pilot Programs Policies: Contract for Difference CFD,https://help.ads.microsoft.com/#apex/ads/en/60321/0,"If a country is not listed in that policy's market restriction dropdown, then CFDs are not allowed.",yes,,2026-10-07,CFD pilot covers only DE and GB. Spot forex is not named anywhere in Microsoft policy.,medium
MSA-FX-BR,2026-Q4,microsoft_ads,Microsoft Advertising,forex_cfd,BR,Brazil,not_allowed,CFD ads are not allowed outside the DE and GB pilot.,,,Pilot Programs Policies: Contract for Difference CFD,https://help.ads.microsoft.com/#apex/ads/en/60321/0,"If a country is not listed in that policy's market restriction dropdown, then CFDs are not allowed.",yes,,2026-10-07,CFD pilot covers only DE and GB. Spot forex is not named anywhere in Microsoft policy. Brazil: securities and other financial items only by authorised companies.,medium
MSA-FX-DE,2026-Q4,microsoft_ads,Microsoft Advertising,forex_cfd,DE,Germany,written_permission_needed,"CFD pilot: Search only, pre-approval form, first party brand owner, own Manager Account, local licence, no bonuses in CFD ads.",BaFin,,Pilot Programs Policies: Contract for Difference CFD,https://help.ads.microsoft.com/#apex/ads/en/60321/0,Advertisers must be licensed by the German Federal Financial Supervisory Authority (BaFin).,yes,,2026-10-07,CFD pilot opened December 2025.,high
MSA-FX-GB,2026-Q4,microsoft_ads,Microsoft Advertising,forex_cfd,GB,United Kingdom,written_permission_needed,"CFD pilot: Search only, pre-approval form, first party brand owner, own Manager Account, local licence, no bonuses in CFD ads.",FCA,,Pilot Programs Policies: Contract for Difference CFD,https://help.ads.microsoft.com/#apex/ads/en/60321/0,Contact for difference (CFD) advertisers that meet specific criteria may be allowed in Search with pre-approval in the markets listed,yes,,2026-10-07,CFD pilot opened December 2025. UK finance ads also need FCA authorisation and UK financial services verification.,high
MSA-FX-KE,2026-Q4,microsoft_ads,Microsoft Advertising,forex_cfd,KE,Kenya,not_allowed,CFD ads are not allowed outside the DE and GB pilot.,,,Pilot Programs Policies: Contract for Difference CFD,https://help.ads.microsoft.com/#apex/ads/en/60321/0,"If a country is not listed in that policy's market restriction dropdown, then CFDs are not allowed.",yes,,2026-10-07,CFD pilot covers only DE and GB. Spot forex is not named anywhere in Microsoft policy.,medium
MSA-FX-MX,2026-Q4,microsoft_ads,Microsoft Advertising,forex_cfd,MX,Mexico,not_allowed,CFD ads are not allowed outside the DE and GB pilot.,,,Pilot Programs Policies: Contract for Difference CFD,https://help.ads.microsoft.com/#apex/ads/en/60321/0,"If a country is not listed in that policy's market restriction dropdown, then CFDs are not allowed.",yes,,2026-10-07,CFD pilot covers only DE and GB. Spot forex is not named anywhere in Microsoft policy. Mexico: securities and other financial items only by authorised companies.,medium
MSA-FX-MY,2026-Q4,microsoft_ads,Microsoft Advertising,forex_cfd,MY,Malaysia,not_allowed,CFD ads are not allowed outside the DE and GB pilot.,,,Pilot Programs Policies: Contract for Difference CFD,https://help.ads.microsoft.com/#apex/ads/en/60321/0,"If a country is not listed in that policy's market restriction dropdown, then CFDs are not allowed.",yes,,2026-10-07,CFD pilot covers only DE and GB. Spot forex is not named anywhere in Microsoft policy. Malaysia also bans stock trading and collective investment ads.,medium
MSA-FX-NG,2026-Q4,microsoft_ads,Microsoft Advertising,forex_cfd,NG,Nigeria,not_allowed,CFD ads are not allowed outside the DE and GB pilot.,,,Pilot Programs Policies: Contract for Difference CFD,https://help.ads.microsoft.com/#apex/ads/en/60321/0,"If a country is not listed in that policy's market restriction dropdown, then CFDs are not allowed.",yes,,2026-10-07,CFD pilot covers only DE and GB. Spot forex is not named anywhere in Microsoft policy. Microsoft does not accept financial ads in Nigeria at all.,medium
MSA-FX-PH,2026-Q4,microsoft_ads,Microsoft Advertising,forex_cfd,PH,Philippines,not_allowed,CFD ads are not allowed outside the DE and GB pilot.,,,Pilot Programs Policies: Contract for Difference CFD,https://help.ads.microsoft.com/#apex/ads/en/60321/0,"If a country is not listed in that policy's market restriction dropdown, then CFDs are not allowed.",yes,,2026-10-07,CFD pilot covers only DE and GB. Spot forex is not named anywhere in Microsoft policy. Bank products must be registered locally.,medium
MSA-FX-TH,2026-Q4,microsoft_ads,Microsoft Advertising,forex_cfd,TH,Thailand,not_allowed,CFD ads are not allowed outside the DE and GB pilot.,,,Pilot Programs Policies: Contract for Difference CFD,https://help.ads.microsoft.com/#apex/ads/en/60321/0,"If a country is not listed in that policy's market restriction dropdown, then CFDs are not allowed.",yes,,2026-10-07,CFD pilot covers only DE and GB. Spot forex is not named anywhere in Microsoft policy.,medium
MSA-FX-US,2026-Q4,microsoft_ads,Microsoft Advertising,forex_cfd,US,United States,not_allowed,CFD ads are not allowed outside the DE and GB pilot.,,,Pilot Programs Policies: Contract for Difference CFD,https://help.ads.microsoft.com/#apex/ads/en/60321/0,"If a country is not listed in that policy's market restriction dropdown, then CFDs are not allowed.",yes,,2026-10-07,"Not in the CFD pilot. Spot forex dealers (CFTC, NFA) are not named; ask Microsoft before spending.",medium
MSA-FX-VN,2026-Q4,microsoft_ads,Microsoft Advertising,forex_cfd,VN,Vietnam,not_allowed,CFD ads are not allowed outside the DE and GB pilot.,,,Pilot Programs Policies: Contract for Difference CFD,https://help.ads.microsoft.com/#apex/ads/en/60321/0,"If a country is not listed in that policy's market restriction dropdown, then CFDs are not allowed.",yes,,2026-10-07,CFD pilot covers only DE and GB. Spot forex is not named anywhere in Microsoft policy.,medium
MSA-FX-ZA,2026-Q4,microsoft_ads,Microsoft Advertising,forex_cfd,ZA,South Africa,not_allowed,CFD ads are not allowed outside the DE and GB pilot.,,,Pilot Programs Policies: Contract for Difference CFD,https://help.ads.microsoft.com/#apex/ads/en/60321/0,"If a country is not listed in that policy's market restriction dropdown, then CFDs are not allowed.",yes,,2026-10-07,CFD pilot covers only DE and GB. Spot forex is not named anywhere in Microsoft policy. Financial services must be registered with the FSCA.,medium
MSA-FX-EEA_OTHER,2026-Q4,microsoft_ads,Microsoft Advertising,forex_cfd,EEA_OTHER,EEA countries other than Germany,not_allowed,CFD ads are not allowed outside the DE and GB pilot.,,,Pilot Programs Policies: Contract for Difference CFD,https://help.ads.microsoft.com/#apex/ads/en/60321/0,"If a country is not listed in that policy's market restriction dropdown, then CFDs are not allowed.",yes,,2026-10-07,CFD pilot covers only DE and GB. Spot forex is not named anywhere in Microsoft policy. Binary options are banned in the EU.,medium
MSA-FX-ROW,2026-Q4,microsoft_ads,Microsoft Advertising,forex_cfd,ROW,Rest of world (platform default),not_allowed,CFD ads are not allowed outside the DE and GB pilot.,,,Pilot Programs Policies: Contract for Difference CFD,https://help.ads.microsoft.com/#apex/ads/en/60321/0,"If a country is not listed in that policy's market restriction dropdown, then CFDs are not allowed.",yes,,2026-10-07,CFD pilot covers only DE and GB. Spot forex is not named anywhere in Microsoft policy.,medium
MSA-CR-AE,2026-Q4,microsoft_ads,Microsoft Advertising,crypto_exchange,AE,United Arab Emirates,not_allowed,Crypto ads are not allowed in markets missing from the Microsoft crypto list.,,,Financial Services: Cryptocurrency and related products,https://help.ads.microsoft.com/#apex/ads/en/60371/-1,"If a country is not listed below, advertising for cryptocurrency-related content is not permitted in that country.",yes,,2026-10-07,Not on the Microsoft crypto market list. Any finance ad in the UAE needs a licensed financial institution.,high
MSA-CR-AU,2026-Q4,microsoft_ads,Microsoft Advertising,crypto_exchange,AU,Australia,written_permission_needed,"Pre-approval form; first party brand owner only; own Manager Account; risk disclosure. Search and Audience ads only, no Display or Video.","AUSTRAC, ASIC",,Financial Services: Cryptocurrency and related products,https://help.ads.microsoft.com/#apex/ads/en/60371/-1,The advertisers must hold valid registration with the Australian Transaction Reports and Analysis Centre (AUSTRAC).,yes,,2026-10-07,Opened for Search and Audience ads in August 2026. AFSL from ASIC also required.,high
MSA-CR-BR,2026-Q4,microsoft_ads,Microsoft Advertising,crypto_exchange,BR,Brazil,written_permission_needed,"Pre-approval form; first party brand owner only; own Manager Account; risk disclosure. Search and Audience ads only, no Display or Video.",BCB,,Financial Services: Cryptocurrency and related products,https://help.ads.microsoft.com/#apex/ads/en/60371/-1,"Cryptocurrency exchanges may be eligible to advertise in Search, subject to pre-approval in the markets listed under country restrictions.",yes,,2026-10-07,Opened August 2026. Central Bank of Brazil authorisation and risk disclosure on the landing page.,high
MSA-CR-DE,2026-Q4,microsoft_ads,Microsoft Advertising,crypto_exchange,DE,Germany,written_permission_needed,"Pre-approval form; first party brand owner only; own Manager Account; risk disclosure. Search and Audience ads only, no Display or Video.",MiCA CASP (BaFin or passported),,Financial Services: Cryptocurrency and related products,https://help.ads.microsoft.com/#apex/ads/en/60371/-1,"Cryptocurrency exchanges may be eligible to advertise in Search, subject to pre-approval in the markets listed under country restrictions.",yes,,2026-10-07,"MiCA CASP authorisation needed. Microsoft page names AMF for Germany, likely an error.",high
MSA-CR-GB,2026-Q4,microsoft_ads,Microsoft Advertising,crypto_exchange,GB,United Kingdom,written_permission_needed,"Pre-approval form; first party brand owner only; own Manager Account; risk disclosure. Search and Audience ads only, no Display or Video.",FCA,,Financial Services: Cryptocurrency and related products,https://help.ads.microsoft.com/#apex/ads/en/60371/-1,Advertisers must be registered with the Financial Conduct Authority (FCA) if they are in the UK.,yes,,2026-10-07,Non UK firms need an FCA authorised approver. FCA risk warning required. No refer a friend or joiner bonuses.,high
MSA-CR-KE,2026-Q4,microsoft_ads,Microsoft Advertising,crypto_exchange,KE,Kenya,not_allowed,Crypto ads are not allowed in markets missing from the Microsoft crypto list.,,,Financial Services: Cryptocurrency and related products,https://help.ads.microsoft.com/#apex/ads/en/60371/-1,"If a country is not listed below, advertising for cryptocurrency-related content is not permitted in that country.",yes,,2026-10-07,Not on the Microsoft crypto market list.,high
MSA-CR-MX,2026-Q4,microsoft_ads,Microsoft Advertising,crypto_exchange,MX,Mexico,not_allowed,Crypto ads are not allowed in markets missing from the Microsoft crypto list.,,,Financial Services: Cryptocurrency and related products,https://help.ads.microsoft.com/#apex/ads/en/60371/-1,"If a country is not listed below, advertising for cryptocurrency-related content is not permitted in that country.",yes,,2026-10-07,Not on the Microsoft crypto market list. Mexico: securities and other financial items only by authorised companies.,high
MSA-CR-MY,2026-Q4,microsoft_ads,Microsoft Advertising,crypto_exchange,MY,Malaysia,not_allowed,Crypto ads are not allowed in markets missing from the Microsoft crypto list.,,,Financial Services: Cryptocurrency and related products,https://help.ads.microsoft.com/#apex/ads/en/60371/-1,"If a country is not listed below, advertising for cryptocurrency-related content is not permitted in that country.",yes,,2026-10-07,Not on the Microsoft crypto market list. Malaysia also bans stock trading and collective investment ads.,high
MSA-CR-NG,2026-Q4,microsoft_ads,Microsoft Advertising,crypto_exchange,NG,Nigeria,not_allowed,Crypto ads are not allowed in markets missing from the Microsoft crypto list.,,,Financial Services: Cryptocurrency and related products,https://help.ads.microsoft.com/#apex/ads/en/60371/-1,"If a country is not listed below, advertising for cryptocurrency-related content is not permitted in that country.",yes,,2026-10-07,Not on the Microsoft crypto market list. Microsoft does not accept financial ads in Nigeria at all.,high
MSA-CR-PH,2026-Q4,microsoft_ads,Microsoft Advertising,crypto_exchange,PH,Philippines,not_allowed,Crypto ads are not allowed in markets missing from the Microsoft crypto list.,,,Financial Services: Cryptocurrency and related products,https://help.ads.microsoft.com/#apex/ads/en/60371/-1,"If a country is not listed below, advertising for cryptocurrency-related content is not permitted in that country.",yes,,2026-10-07,Not on the Microsoft crypto market list. Bank products must be registered locally.,high
MSA-CR-TH,2026-Q4,microsoft_ads,Microsoft Advertising,crypto_exchange,TH,Thailand,not_allowed,Crypto ads are not allowed in markets missing from the Microsoft crypto list.,,,Financial Services: Cryptocurrency and related products,https://help.ads.microsoft.com/#apex/ads/en/60371/-1,"If a country is not listed below, advertising for cryptocurrency-related content is not permitted in that country.",yes,,2026-10-07,Not on the Microsoft crypto market list.,high
MSA-CR-US,2026-Q4,microsoft_ads,Microsoft Advertising,crypto_exchange,US,United States,written_permission_needed,"Pre-approval form; first party brand owner only; own Manager Account; risk disclosure. Search and Audience ads only, no Display or Video.",,,Financial Services: Cryptocurrency and related products,https://help.ads.microsoft.com/#apex/ads/en/60371/-1,Advertiser domains must have been established for a minimum of 18 months.,yes,,2026-10-07,Pre-approved exchanges allowed since May 2022.,high
MSA-CR-VN,2026-Q4,microsoft_ads,Microsoft Advertising,crypto_exchange,VN,Vietnam,not_allowed,Crypto ads are not allowed in markets missing from the Microsoft crypto list.,,,Financial Services: Cryptocurrency and related products,https://help.ads.microsoft.com/#apex/ads/en/60371/-1,"If a country is not listed below, advertising for cryptocurrency-related content is not permitted in that country.",yes,,2026-10-07,Not on the Microsoft crypto market list.,high
MSA-CR-ZA,2026-Q4,microsoft_ads,Microsoft Advertising,crypto_exchange,ZA,South Africa,not_allowed,Crypto ads are not allowed in markets missing from the Microsoft crypto list.,,,Financial Services: Cryptocurrency and related products,https://help.ads.microsoft.com/#apex/ads/en/60371/-1,"If a country is not listed below, advertising for cryptocurrency-related content is not permitted in that country.",yes,,2026-10-07,Not on the Microsoft crypto market list. Financial services must be registered with the FSCA.,high
MSA-CR-EEA_OTHER,2026-Q4,microsoft_ads,Microsoft Advertising,crypto_exchange,EEA_OTHER,EEA countries other than Germany,written_permission_needed,"Pre-approval form; first party brand owner only; own Manager Account; risk disclosure. Search and Audience ads only, no Display or Video.",MiCA CASP (national authority),,Financial Services: Cryptocurrency and related products,https://help.ads.microsoft.com/#apex/ads/en/60371/-1,"Cryptocurrency exchanges may be eligible to advertise in Search, subject to pre-approval in the markets listed under country restrictions.",yes,,2026-10-07,"All EU states listed since January 2026. Norway, Iceland and Liechtenstein are not listed.",high
MSA-CR-ROW,2026-Q4,microsoft_ads,Microsoft Advertising,crypto_exchange,ROW,Rest of world (platform default),not_allowed,Crypto ads are not allowed in markets missing from the Microsoft crypto list.,,,Financial Services: Cryptocurrency and related products,https://help.ads.microsoft.com/#apex/ads/en/60371/-1,"If a country is not listed below, advertising for cryptocurrency-related content is not permitted in that country.",yes,,2026-10-07,"Default for unlisted countries. Exceptions with pre-approval: CA, CH, IN, JP, NZ (and wallets pilot in IN and JP).",high
MSA-PF-AE,2026-Q4,microsoft_ads,Microsoft Advertising,prop_firm,AE,United Arab Emirates,no_specific_rule,"No prop firm rule. General financial rules apply: local laws, risk and fee disclosure, no guaranteed success claims.",,,Financial Services,https://help.ads.microsoft.com/#apex/ads/en/60371/-1,Advertisers must meet all regulatory requirements and comply with all applicable laws in each targeted location.,yes,,2026-10-07,Microsoft policy does not name prop firms or trading challenges. Any finance ad in the UAE needs a licensed financial institution. Reviewers may treat prop firms as financial services.,medium
MSA-PF-AU,2026-Q4,microsoft_ads,Microsoft Advertising,prop_firm,AU,Australia,no_specific_rule,"No prop firm rule. General financial rules apply: local laws, risk and fee disclosure, no guaranteed success claims.",,,Financial Services,https://help.ads.microsoft.com/#apex/ads/en/60371/-1,Advertisers must meet all regulatory requirements and comply with all applicable laws in each targeted location.,yes,,2026-10-07,Microsoft policy does not name prop firms or trading challenges.,medium
MSA-PF-BR,2026-Q4,microsoft_ads,Microsoft Advertising,prop_firm,BR,Brazil,no_specific_rule,"No prop firm rule. General financial rules apply: local laws, risk and fee disclosure, no guaranteed success claims.",,,Financial Services,https://help.ads.microsoft.com/#apex/ads/en/60371/-1,Advertisers must meet all regulatory requirements and comply with all applicable laws in each targeted location.,yes,,2026-10-07,Microsoft policy does not name prop firms or trading challenges. Brazil: securities and other financial items only by authorised companies. Reviewers may treat prop firms as financial services.,medium
MSA-PF-DE,2026-Q4,microsoft_ads,Microsoft Advertising,prop_firm,DE,Germany,no_specific_rule,"No prop firm rule. General financial rules apply: local laws, risk and fee disclosure, no guaranteed success claims.",,,Financial Services,https://help.ads.microsoft.com/#apex/ads/en/60371/-1,Advertisers must meet all regulatory requirements and comply with all applicable laws in each targeted location.,yes,,2026-10-07,Microsoft policy does not name prop firms or trading challenges.,medium
MSA-PF-GB,2026-Q4,microsoft_ads,Microsoft Advertising,prop_firm,GB,United Kingdom,no_specific_rule,"No prop firm rule. General financial rules apply: local laws, risk and fee disclosure, no guaranteed success claims.",,,Financial Services,https://help.ads.microsoft.com/#apex/ads/en/60371/-1,Advertisers must meet all regulatory requirements and comply with all applicable laws in each targeted location.,yes,,2026-10-07,Microsoft policy does not name prop firms or trading challenges. FSMA regulated firms need FCA authorisation and UK verification.,medium
MSA-PF-KE,2026-Q4,microsoft_ads,Microsoft Advertising,prop_firm,KE,Kenya,no_specific_rule,"No prop firm rule. General financial rules apply: local laws, risk and fee disclosure, no guaranteed success claims.",,,Financial Services,https://help.ads.microsoft.com/#apex/ads/en/60371/-1,Advertisers must meet all regulatory requirements and comply with all applicable laws in each targeted location.,yes,,2026-10-07,Microsoft policy does not name prop firms or trading challenges.,medium
MSA-PF-MX,2026-Q4,microsoft_ads,Microsoft Advertising,prop_firm,MX,Mexico,no_specific_rule,"No prop firm rule. General financial rules apply: local laws, risk and fee disclosure, no guaranteed success claims.",,,Financial Services,https://help.ads.microsoft.com/#apex/ads/en/60371/-1,Advertisers must meet all regulatory requirements and comply with all applicable laws in each targeted location.,yes,,2026-10-07,Microsoft policy does not name prop firms or trading challenges. Mexico: securities and other financial items only by authorised companies. Reviewers may treat prop firms as financial services.,medium
MSA-PF-MY,2026-Q4,microsoft_ads,Microsoft Advertising,prop_firm,MY,Malaysia,no_specific_rule,"No prop firm rule. General financial rules apply: local laws, risk and fee disclosure, no guaranteed success claims.",,,Financial Services,https://help.ads.microsoft.com/#apex/ads/en/60371/-1,Advertisers must meet all regulatory requirements and comply with all applicable laws in each targeted location.,yes,,2026-10-07,Microsoft policy does not name prop firms or trading challenges. Malaysia also bans stock trading and collective investment ads. Reviewers may treat prop firms as financial services.,medium
MSA-PF-NG,2026-Q4,microsoft_ads,Microsoft Advertising,prop_firm,NG,Nigeria,no_specific_rule,"No prop firm rule. General financial rules apply: local laws, risk and fee disclosure, no guaranteed success claims.",,,Financial Services,https://help.ads.microsoft.com/#apex/ads/en/60371/-1,Advertisers must meet all regulatory requirements and comply with all applicable laws in each targeted location.,yes,,2026-10-07,Microsoft policy does not name prop firms or trading challenges. Microsoft does not accept financial ads in Nigeria at all. Reviewers may treat prop firms as financial services.,medium
MSA-PF-PH,2026-Q4,microsoft_ads,Microsoft Advertising,prop_firm,PH,Philippines,no_specific_rule,"No prop firm rule. General financial rules apply: local laws, risk and fee disclosure, no guaranteed success claims.",,,Financial Services,https://help.ads.microsoft.com/#apex/ads/en/60371/-1,Advertisers must meet all regulatory requirements and comply with all applicable laws in each targeted location.,yes,,2026-10-07,Microsoft policy does not name prop firms or trading challenges. Bank products must be registered locally. Reviewers may treat prop firms as financial services.,medium
MSA-PF-TH,2026-Q4,microsoft_ads,Microsoft Advertising,prop_firm,TH,Thailand,no_specific_rule,"No prop firm rule. General financial rules apply: local laws, risk and fee disclosure, no guaranteed success claims.",,,Financial Services,https://help.ads.microsoft.com/#apex/ads/en/60371/-1,Advertisers must meet all regulatory requirements and comply with all applicable laws in each targeted location.,yes,,2026-10-07,Microsoft policy does not name prop firms or trading challenges.,medium
MSA-PF-US,2026-Q4,microsoft_ads,Microsoft Advertising,prop_firm,US,United States,no_specific_rule,"No prop firm rule. General financial rules apply: local laws, risk and fee disclosure, no guaranteed success claims.",,,Financial Services,https://help.ads.microsoft.com/#apex/ads/en/60371/-1,Advertisers must meet all regulatory requirements and comply with all applicable laws in each targeted location.,yes,,2026-10-07,Microsoft policy does not name prop firms or trading challenges.,medium
MSA-PF-VN,2026-Q4,microsoft_ads,Microsoft Advertising,prop_firm,VN,Vietnam,no_specific_rule,"No prop firm rule. General financial rules apply: local laws, risk and fee disclosure, no guaranteed success claims.",,,Financial Services,https://help.ads.microsoft.com/#apex/ads/en/60371/-1,Advertisers must meet all regulatory requirements and comply with all applicable laws in each targeted location.,yes,,2026-10-07,Microsoft policy does not name prop firms or trading challenges.,medium
MSA-PF-ZA,2026-Q4,microsoft_ads,Microsoft Advertising,prop_firm,ZA,South Africa,no_specific_rule,"No prop firm rule. General financial rules apply: local laws, risk and fee disclosure, no guaranteed success claims.",,,Financial Services,https://help.ads.microsoft.com/#apex/ads/en/60371/-1,Advertisers must meet all regulatory requirements and comply with all applicable laws in each targeted location.,yes,,2026-10-07,Microsoft policy does not name prop firms or trading challenges. Financial services must be registered with the FSCA. Reviewers may treat prop firms as financial services.,medium
MSA-PF-EEA_OTHER,2026-Q4,microsoft_ads,Microsoft Advertising,prop_firm,EEA_OTHER,EEA countries other than Germany,no_specific_rule,"No prop firm rule. General financial rules apply: local laws, risk and fee disclosure, no guaranteed success claims.",,,Financial Services,https://help.ads.microsoft.com/#apex/ads/en/60371/-1,Advertisers must meet all regulatory requirements and comply with all applicable laws in each targeted location.,yes,,2026-10-07,Microsoft policy does not name prop firms or trading challenges. Binary options are banned in the EU. Reviewers may treat prop firms as financial services.,medium
MSA-PF-ROW,2026-Q4,microsoft_ads,Microsoft Advertising,prop_firm,ROW,Rest of world (platform default),no_specific_rule,"No prop firm rule. General financial rules apply: local laws, risk and fee disclosure, no guaranteed success claims.",,,Financial Services,https://help.ads.microsoft.com/#apex/ads/en/60371/-1,Advertisers must meet all regulatory requirements and comply with all applicable laws in each targeted location.,yes,,2026-10-07,Microsoft policy does not name prop firms or trading challenges.,medium
TTK-FX-AE,2026-Q4,tiktok,TikTok,forex_cfd,AE,United Arab Emirates,licence_needed,"Hold local licence, comply with local laws, restrict ads to 18+. Forex and CFDs not named but most financial services may be allowed.",,18+,Financial Services (TikTok Advertising Policies),https://ads.tiktok.com/resources/help/article/tiktok-ads-policy-financial-services,Be licensed by local and regional authorities,yes,,2026-10-07,"Section covers Bangladesh, Oman, Qatar, Saudi Arabia, South Africa, UAE. Allowed list includes securities and 'Most financial services'; forex, CFDs and binary options not named.",medium
TTK-FX-AU,2026-Q4,tiktok,TikTok,forex_cfd,AU,Australia,licence_needed,"Hold Australian licence (TikTok may ask for regulator evidence), include disclaimers, restrict to 18+. Binary options not allowed.",,18+,Financial Services (TikTok Advertising Policies),https://ads.tiktok.com/resources/help/article/tiktok-ads-policy-financial-services,Obtain licensing from local and regional authorities; we may ask for disclosure and evidence of appropriate regulator and third-party accreditations or certifications,yes,,2026-10-07,'Investment services' listed as may be allowed; forex and CFDs not named. Binary options listed as not allowed.,medium
TTK-FX-BR,2026-Q4,tiktok,TikTok,forex_cfd,BR,Brazil,not_allowed,"CFDs, spread betting, binary options and foreign exchange (FX) services are listed as not allowed.",,18+,Financial Services (TikTok Advertising Policies),https://ads.tiktok.com/resources/help/article/tiktok-ads-policy-financial-services,"Complex speculative investments such as contracts for differences (CFDs), financial spread betting, penny stocks, binary options, and mini-bonds",yes,,2026-10-07,"'Foreign exchange (FX) services' also not allowed, while 'Trading platforms' and 'Bureau de Change' may be allowed.",high
TTK-FX-DE,2026-Q4,tiktok,TikTok,forex_cfd,DE,Germany,licence_needed,"FX services may be allowed if licensed locally, with disclaimers and 18+ targeting. Binary options remain not allowed.",,18+,Financial Services (TikTok Advertising Policies),https://ads.tiktok.com/resources/help/article/tiktok-ads-policy-financial-services,Foreign Exchange (FX) services,yes,,2026-10-07,"Sept 2026 page groups France, Germany and drops forex from high-risk ban. July 2026 notice names France only; /help/ mirror still bans forex. CFDs not named.",medium
TTK-FX-GB,2026-Q4,tiktok,TikTok,forex_cfd,GB,United Kingdom,not_allowed,Forex trading and binary options are listed as not allowed for UK ads.,,18+,Financial Services (TikTok Advertising Policies),https://ads.tiktok.com/resources/help/article/tiktok-ads-policy-financial-services,"High-risk investment products, such as forex trading",yes,,2026-10-07,CFDs and spread betting not named. Precious metal trading may be allowed since the Aug 2026 notice.,high
TTK-FX-KE,2026-Q4,tiktok,TikTok,forex_cfd,KE,Kenya,no_specific_rule,"Kenya rules: comply with law, be licensed by regional authorities, restrict to 18+. Forex and CFDs not mentioned.",,18+,Financial Services (TikTok Advertising Policies),https://ads.tiktok.com/resources/help/article/tiktok-ads-policy-financial-services,Be licensed by regional authorities,yes,,2026-10-07,"Allowed list: credit cards, fintech, loans, securities. No forex, CFD or binary options item either way.",medium
TTK-FX-MX,2026-Q4,tiktok,TikTok,forex_cfd,MX,Mexico,not_allowed,"CFDs, spread betting, binary options and foreign exchange (FX) services are listed as not allowed.",,18+,Financial Services (TikTok Advertising Policies),https://ads.tiktok.com/resources/help/article/tiktok-ads-policy-financial-services,"Complex speculative investments such as contracts for differences (CFDs), financial spread betting, penny stocks, binary options, and mini-bonds",yes,,2026-10-07,"Section covers Argentina, Chile, Colombia, Ecuador, Mexico, Peru, Uruguay. FX services also not allowed; 'Trading platforms' may be allowed.",high
TTK-FX-MY,2026-Q4,tiktok,TikTok,forex_cfd,MY,Malaysia,licence_needed,"Register with Central Bank of Malaysia, Securities Commission Malaysia or a financial regulator in another market.","CBM, SC, or a financial regulator in another market",18+,Financial Services (TikTok Advertising Policies),https://ads.tiktok.com/resources/help/article/tiktok-ads-policy-financial-services,Ads for investment services may be allowed if you are registered with one of the following:,yes,,2026-10-07,"Allowed: investment brokerage, trading platforms and exchanges. Forex and CFDs not named. 18+ comes from the global financial services rule.",medium
TTK-FX-NG,2026-Q4,tiktok,TikTok,forex_cfd,NG,Nigeria,no_specific_rule,"Nigeria rules: comply with law, be licensed by regional authorities, restrict to 18+. Forex and CFDs not mentioned.",,18+,Financial Services (TikTok Advertising Policies),https://ads.tiktok.com/resources/help/article/tiktok-ads-policy-financial-services,Be licensed by regional authorities,yes,,2026-10-07,"Allowed list: credit cards, fintech, loans, securities. All Nigeria ads also need prior approval of ARCON's Advertising Standards Panel per TikTok.",medium
TTK-FX-PH,2026-Q4,tiktok,TikTok,forex_cfd,PH,Philippines,licence_needed,Register with Bangko Sentral ng Pilipinas or a financial regulator in another market.,"BSP, or a financial regulator in another market",18+,Financial Services (TikTok Advertising Policies),https://ads.tiktok.com/resources/help/article/tiktok-ads-policy-financial-services,Ads for investment services may be allowed if you are registered with one of the following:,yes,,2026-10-07,"SEC Philippines not named. Allowed: investment brokerage, trading platforms and exchanges. Forex and CFDs not named. 18+ from global rule.",medium
TTK-FX-TH,2026-Q4,tiktok,TikTok,forex_cfd,TH,Thailand,licence_needed,"Register with Bank of Thailand, SEC Thailand, OIC or a financial regulator in another market.","BOT, SEC Thailand, OIC, or a financial regulator in another market",18+,Financial Services (TikTok Advertising Policies),https://ads.tiktok.com/resources/help/article/tiktok-ads-policy-financial-services,Ads for investment services may be allowed if you are registered with one of the following:,yes,,2026-10-07,"Allowed: investment brokerage, trading platforms and exchanges. Forex and CFDs not named. 18+ from global rule.",medium
TTK-FX-US,2026-Q4,tiktok,TikTok,forex_cfd,US,United States,written_permission_needed,"CFD ads need TikTok sales representative permission, local licensing where necessary and age targeting. Spread betting and binary options still not allowed.",,18+,Update to CFD (Contracts for Difference) Policy (Aug 2026),https://ads.tiktok.com/resources/help/article/update-to-cfd-contracts-for-difference-policy-aug-2026,Advertisers must work with a TikTok sales representative to determine eligibility and obtain permission to run ads.,yes,,2026-10-07,Notice covers US and Canada. Sept 2026 policy page dropped CFDs from the banned list. Spot forex not named.,high
TTK-FX-VN,2026-Q4,tiktok,TikTok,forex_cfd,VN,Vietnam,licence_needed,"Register with State Bank of Vietnam, State Securities Commission, Ministry of Finance or a financial regulator in another market.","SBV, SSC, MOF, or a financial regulator in another market",18+,Financial Services (TikTok Advertising Policies),https://ads.tiktok.com/resources/help/article/tiktok-ads-policy-financial-services,Ads for investment services may be allowed if you are registered with one of the following:,yes,,2026-10-07,"Allowed: investment brokerage, trading platforms and exchanges. Forex and CFDs not named. 18+ from global rule.",medium
TTK-FX-ZA,2026-Q4,tiktok,TikTok,forex_cfd,ZA,South Africa,licence_needed,"Hold local licence, comply with local laws, restrict ads to 18+. Forex and CFDs not named but most financial services may be allowed.",,18+,Financial Services (TikTok Advertising Policies),https://ads.tiktok.com/resources/help/article/tiktok-ads-policy-financial-services,Be licensed by local and regional authorities,yes,,2026-10-07,"Section covers Bangladesh, Oman, Qatar, Saudi Arabia, South Africa, UAE. Allowed list includes securities and 'Most financial services'; forex, CFDs and binary options not named.",medium
TTK-FX-EEA_OTHER,2026-Q4,tiktok,TikTok,forex_cfd,EEA_OTHER,EEA countries other than Germany,not_allowed,"Most EEA sections list forex trading, and often binary options, as not allowed high-risk investment products.",,18+,Financial Services (TikTok Advertising Policies),https://ads.tiktok.com/resources/help/article/tiktok-ads-policy-financial-services,"High-risk investment products, such as forex trading",yes,,2026-10-07,"Exceptions: FR, FI list FX services may be allowed; HR, EE, LV, SK, SI, LT allow forex trading if licensed, 18+; BE silent; MT, IS, LI unlisted.",medium
TTK-FX-ROW,2026-Q4,tiktok,TikTok,forex_cfd,ROW,Rest of world (platform default),no_specific_rule,"Default rule: comply with local law, be licensed by local and regional authorities, add disclaimers, restrict to 18+.",,18+,Financial Services (TikTok Advertising Policies),https://ads.tiktok.com/resources/help/article/tiktok-ads-policy-financial-services,Be licensed by local and regional authorities,yes,,2026-10-07,"Many country sections ban forex or CFDs (LatAm, most of Europe); Canada allows CFDs with permission; 16 Promote-only markets ban all financial ads.",medium
TTK-CR-AE,2026-Q4,tiktok,TikTok,crypto_exchange,AE,United Arab Emirates,licence_needed,Hold a trade licence permitting financial virtual business; restrict ads to 18+.,,18+,Financial Services (TikTok Advertising Policies),https://ads.tiktok.com/resources/help/article/tiktok-ads-policy-financial-services,Obtain a trade license that permits you to conduct financial virtual business,yes,,2026-10-07,"Covers virtual currencies and cryptocurrency trading platforms in the Bangladesh, Oman, Qatar, Saudi Arabia, South Africa, UAE section. No regulator named.",high
TTK-CR-AU,2026-Q4,tiktok,TikTok,crypto_exchange,AU,Australia,written_permission_needed,"Exchange services only: be licensed, get permission via TikTok sales representative application, restrict ads to 18+.",,18+,Financial Services (TikTok Advertising Policies),https://ads.tiktok.com/resources/help/article/tiktok-ads-policy-financial-services,Work with a TikTok Sales Representative to obtain permission via an application process,yes,,2026-10-07,"Not allowed: virtual currencies, crypto cards, wallets, advisory services, ICOs, token sales, NFT trading.",high
TTK-CR-BR,2026-Q4,tiktok,TikTok,crypto_exchange,BR,Brazil,written_permission_needed,"Be licensed locally, get permission via TikTok sales representative application, restrict ads to 18+.",,18+,Financial Services (TikTok Advertising Policies),https://ads.tiktok.com/resources/help/article/tiktok-ads-policy-financial-services,Work with a TikTok Sales Representative to obtain permission via an application process,yes,,2026-10-07,"Covers cryptocurrencies, cryptocurrency trading platforms and NFTs. ICOs not allowed.",high
TTK-CR-DE,2026-Q4,tiktok,TikTok,crypto_exchange,DE,Germany,written_permission_needed,"Exchanges and custodial wallets: be licensed, get permission via TikTok sales representative application, restrict ads to 18+.",,18+,Financial Services (TikTok Advertising Policies),https://ads.tiktok.com/resources/help/article/tiktok-ads-policy-financial-services,Work with a TikTok Sales Representative to obtain permission via an application process,yes,,2026-10-07,"Not allowed: 'Virtual currencies, such as Bitcoin and Ethereum' and non-custodial wallets. NFTs need a separate application.",high
TTK-CR-GB,2026-Q4,tiktok,TikTok,crypto_exchange,GB,United Kingdom,written_permission_needed,"Exchanges, advisory services and custodial wallets: be licensed, get permission via TikTok sales representative application, restrict ads to 18+.",,18+,Financial Services (TikTok Advertising Policies),https://ads.tiktok.com/resources/help/article/tiktok-ads-policy-financial-services,Work with a TikTok Sales Representative to obtain permission via an application process,yes,,2026-10-07,"Advisory services added June 2026. Not allowed: virtual currencies such as Bitcoin and Ethereum, non-custodial wallets.",high
TTK-CR-KE,2026-Q4,tiktok,TikTok,crypto_exchange,KE,Kenya,licence_needed,Kenya general rules require licensing by regional authorities; the crypto clause itself requires only 18+ targeting.,,18+,Financial Services (TikTok Advertising Policies),https://ads.tiktok.com/resources/help/article/tiktok-ads-policy-financial-services,Be licensed by regional authorities,yes,,2026-10-07,"Crypto clause covers virtual currencies, trading platforms and advisory services, listing 18+ as its only requirement; licence gate comes from Kenya general requirements.",medium
TTK-CR-MX,2026-Q4,tiktok,TikTok,crypto_exchange,MX,Mexico,written_permission_needed,"Be licensed locally, get permission via TikTok sales representative application, restrict ads to 18+.",,18+,Financial Services (TikTok Advertising Policies),https://ads.tiktok.com/resources/help/article/tiktok-ads-policy-financial-services,Work with a TikTok Sales Representative to obtain permission via an application process,yes,,2026-10-07,"Section covers Argentina, Chile, Colombia, Ecuador, Mexico, Peru, Uruguay. Cryptocurrency exchanges and trading platforms may be allowed; ICOs not allowed.",high
TTK-CR-MY,2026-Q4,tiktok,TikTok,crypto_exchange,MY,Malaysia,no_specific_rule,"Malaysia section silent on crypto; investment services need CBM, SC or foreign regulator registration.",,18+,Financial Services (TikTok Advertising Policies),https://ads.tiktok.com/resources/help/article/tiktok-ads-policy-financial-services,Ads for investment services may be allowed if you are registered with one of the following:,yes,,2026-10-07,Section silent on crypto. Unclear whether 'Trading platforms and exchanges' covers crypto exchanges; confirm with a TikTok sales representative.,low
TTK-CR-NG,2026-Q4,tiktok,TikTok,crypto_exchange,NG,Nigeria,no_specific_rule,"Nigeria section silent on crypto; general rules: comply with law, be licensed by regional authorities, restrict to 18+.",,18+,Financial Services (TikTok Advertising Policies),https://ads.tiktok.com/resources/help/article/tiktok-ads-policy-financial-services,Be licensed by regional authorities,yes,,2026-10-07,Crypto neither allowed nor banned in Nigeria section. ARCON Advertising Standards Panel pre-approval needed for all Nigeria ads.,low
TTK-CR-PH,2026-Q4,tiktok,TikTok,crypto_exchange,PH,Philippines,no_specific_rule,Philippines section silent on crypto; investment services need BSP or foreign regulator registration.,,18+,Financial Services (TikTok Advertising Policies),https://ads.tiktok.com/resources/help/article/tiktok-ads-policy-financial-services,Ads for investment services may be allowed if you are registered with one of the following:,yes,,2026-10-07,Section silent on crypto. Unclear whether 'Trading platforms and exchanges' covers crypto exchanges; confirm with a TikTok sales representative.,low
TTK-CR-TH,2026-Q4,tiktok,TikTok,crypto_exchange,TH,Thailand,no_specific_rule,"Thailand section silent on crypto; investment services need BOT, SEC Thailand, OIC or foreign regulator registration.",,18+,Financial Services (TikTok Advertising Policies),https://ads.tiktok.com/resources/help/article/tiktok-ads-policy-financial-services,Ads for investment services may be allowed if you are registered with one of the following:,yes,,2026-10-07,Section silent on crypto. Unclear whether 'Trading platforms and exchanges' covers crypto exchanges; confirm with a TikTok sales representative.,low
TTK-CR-US,2026-Q4,tiktok,TikTok,crypto_exchange,US,United States,licence_needed,"Be licensed by local and regional authorities, meet disclosure rules (regulator evidence may be required), restrict ads to 18+.",,18+,Financial Services (TikTok Advertising Policies),https://ads.tiktok.com/resources/help/article/tiktok-ads-policy-financial-services,Be licensed by local and regional authorities,yes,,2026-10-07,'Cryptocurrencies and cryptocurrency mining devices' and virtual currencies listed as may be allowed. Crypto ATMs and ICOs not allowed. No sales representative step named.,high
TTK-CR-VN,2026-Q4,tiktok,TikTok,crypto_exchange,VN,Vietnam,no_specific_rule,"Vietnam section silent on crypto; investment services need SBV, SSC, MOF or foreign regulator registration.",,18+,Financial Services (TikTok Advertising Policies),https://ads.tiktok.com/resources/help/article/tiktok-ads-policy-financial-services,Ads for investment services may be allowed if you are registered with one of the following:,yes,,2026-10-07,Section silent on crypto. Unclear whether 'Trading platforms and exchanges' covers crypto exchanges; confirm with a TikTok sales representative.,low
TTK-CR-ZA,2026-Q4,tiktok,TikTok,crypto_exchange,ZA,South Africa,licence_needed,Hold a trade licence permitting financial virtual business; restrict ads to 18+.,,18+,Financial Services (TikTok Advertising Policies),https://ads.tiktok.com/resources/help/article/tiktok-ads-policy-financial-services,Obtain a trade license that permits you to conduct financial virtual business,yes,,2026-10-07,"Covers virtual currencies and cryptocurrency trading platforms in the Bangladesh, Oman, Qatar, Saudi Arabia, South Africa, UAE section. No regulator named.",high
TTK-CR-EEA_OTHER,2026-Q4,tiktok,TikTok,crypto_exchange,EEA_OTHER,EEA countries other than Germany,written_permission_needed,"Most EEA sections: exchanges and custodial wallets need licence, TikTok sales representative application and 18+ targeting.",,18+,Financial Services (TikTok Advertising Policies),https://ads.tiktok.com/resources/help/article/tiktok-ads-policy-financial-services,Work with a TikTok Sales Representative to obtain permission via an application process,yes,,2026-10-07,"Exceptions: Denmark bans crypto trading platforms; Romania lists application route and ban; Belgium lists 'Cryptocurrencies' not allowed; Malta, Iceland, Liechtenstein unlisted.",medium
TTK-CR-ROW,2026-Q4,tiktok,TikTok,crypto_exchange,ROW,Rest of world (platform default),no_specific_rule,No global crypto rule; country sections range from licence or application gates to outright bans.,,18+,Financial Services (TikTok Advertising Policies),https://ads.tiktok.com/resources/help/article/tiktok-ads-policy-financial-services,Be licensed by local and regional authorities,yes,,2026-10-07,"Banned in e.g. Algeria, Egypt, Iraq, Kuwait, Lebanon, Morocco, Pakistan and 16 Promote-only markets; conditionally allowed in Canada, Japan, Korea, Gulf states.",low
TTK-PF-AE,2026-Q4,tiktok,TikTok,prop_firm,AE,United Arab Emirates,no_specific_rule,"No prop firm rule. General financial rules apply: comply with law, licensing, disclaimers, 18+; no get-rich-quick or exaggerated financial claims.",,18+,Financial Services (TikTok Advertising Policies),https://ads.tiktok.com/resources/help/article/tiktok-ads-policy-financial-services,Get-rich-quick offers,yes,,2026-10-07,"TikTok financial policy never mentions prop trading, funded accounts or evaluations. Confirm category with a TikTok sales representative before launch.",medium
TTK-PF-AU,2026-Q4,tiktok,TikTok,prop_firm,AU,Australia,no_specific_rule,"No prop firm rule. General financial rules apply: comply with law, licensing, disclaimers, 18+; no get-rich-quick or exaggerated financial claims.",,18+,Financial Services (TikTok Advertising Policies),https://ads.tiktok.com/resources/help/article/tiktok-ads-policy-financial-services,Get-rich-quick offers,yes,,2026-10-07,"TikTok financial policy never mentions prop trading, funded accounts or evaluations. Confirm category with a TikTok sales representative before launch.",medium
TTK-PF-BR,2026-Q4,tiktok,TikTok,prop_firm,BR,Brazil,no_specific_rule,"No prop firm rule. General financial rules apply: comply with law, licensing, disclaimers, 18+; no get-rich-quick or exaggerated financial claims.",,18+,Financial Services (TikTok Advertising Policies),https://ads.tiktok.com/resources/help/article/tiktok-ads-policy-financial-services,Get-rich-quick offers,yes,,2026-10-07,No prop rule. CFDs and FX services are not allowed here; TikTok has not said how this applies to challenge fees. Confirm with sales representative.,medium
TTK-PF-DE,2026-Q4,tiktok,TikTok,prop_firm,DE,Germany,no_specific_rule,"No prop firm rule. General financial rules apply: comply with law, licensing, disclaimers, 18+; no get-rich-quick or exaggerated financial claims.",,18+,Financial Services (TikTok Advertising Policies),https://ads.tiktok.com/resources/help/article/tiktok-ads-policy-financial-services,Get-rich-quick offers,yes,,2026-10-07,No prop rule. FX services may be allowed in Germany per Sept 2026 page; TikTok has not said whether prop challenges count. Confirm with sales representative.,medium
TTK-PF-GB,2026-Q4,tiktok,TikTok,prop_firm,GB,United Kingdom,no_specific_rule,"No prop firm rule. General financial rules apply: comply with law, licensing, disclaimers, 18+; no get-rich-quick or exaggerated financial claims.",,18+,Financial Services (TikTok Advertising Policies),https://ads.tiktok.com/resources/help/article/tiktok-ads-policy-financial-services,Get-rich-quick offers,yes,,2026-10-07,No prop rule. Forex trading is listed as not allowed here; TikTok has not said how this applies to challenge fees. Confirm with sales representative.,medium
TTK-PF-KE,2026-Q4,tiktok,TikTok,prop_firm,KE,Kenya,no_specific_rule,"No prop firm rule. General financial rules apply: comply with law, licensing, disclaimers, 18+; no get-rich-quick or exaggerated financial claims.",,18+,Financial Services (TikTok Advertising Policies),https://ads.tiktok.com/resources/help/article/tiktok-ads-policy-financial-services,Get-rich-quick offers,yes,,2026-10-07,"TikTok financial policy never mentions prop trading, funded accounts or evaluations. Confirm category with a TikTok sales representative before launch.",medium
TTK-PF-MX,2026-Q4,tiktok,TikTok,prop_firm,MX,Mexico,no_specific_rule,"No prop firm rule. General financial rules apply: comply with law, licensing, disclaimers, 18+; no get-rich-quick or exaggerated financial claims.",,18+,Financial Services (TikTok Advertising Policies),https://ads.tiktok.com/resources/help/article/tiktok-ads-policy-financial-services,Get-rich-quick offers,yes,,2026-10-07,No prop rule. CFDs and FX services are not allowed here; TikTok has not said how this applies to challenge fees. Confirm with sales representative.,medium
TTK-PF-MY,2026-Q4,tiktok,TikTok,prop_firm,MY,Malaysia,no_specific_rule,"No prop firm rule. General financial rules apply: comply with law, licensing, disclaimers, 18+; no get-rich-quick or exaggerated financial claims.",,18+,Financial Services (TikTok Advertising Policies),https://ads.tiktok.com/resources/help/article/tiktok-ads-policy-financial-services,Get-rich-quick offers,yes,,2026-10-07,"TikTok financial policy never mentions prop trading, funded accounts or evaluations. Confirm category with a TikTok sales representative before launch.",medium
TTK-PF-NG,2026-Q4,tiktok,TikTok,prop_firm,NG,Nigeria,no_specific_rule,"No prop firm rule. General financial rules apply: comply with law, licensing, disclaimers, 18+; no get-rich-quick or exaggerated financial claims.",,18+,Financial Services (TikTok Advertising Policies),https://ads.tiktok.com/resources/help/article/tiktok-ads-policy-financial-services,Get-rich-quick offers,yes,,2026-10-07,No prop rule found. All Nigeria ads also need ARCON Advertising Standards Panel pre-approval per TikTok market-specific requirements.,medium
TTK-PF-PH,2026-Q4,tiktok,TikTok,prop_firm,PH,Philippines,no_specific_rule,"No prop firm rule. General financial rules apply: comply with law, licensing, disclaimers, 18+; no get-rich-quick or exaggerated financial claims.",,18+,Financial Services (TikTok Advertising Policies),https://ads.tiktok.com/resources/help/article/tiktok-ads-policy-financial-services,Get-rich-quick offers,yes,,2026-10-07,"TikTok financial policy never mentions prop trading, funded accounts or evaluations. Confirm category with a TikTok sales representative before launch.",medium
TTK-PF-TH,2026-Q4,tiktok,TikTok,prop_firm,TH,Thailand,no_specific_rule,"No prop firm rule. General financial rules apply: comply with law, licensing, disclaimers, 18+; no get-rich-quick or exaggerated financial claims.",,18+,Financial Services (TikTok Advertising Policies),https://ads.tiktok.com/resources/help/article/tiktok-ads-policy-financial-services,Get-rich-quick offers,yes,,2026-10-07,"TikTok financial policy never mentions prop trading, funded accounts or evaluations. Confirm category with a TikTok sales representative before launch.",medium
TTK-PF-US,2026-Q4,tiktok,TikTok,prop_firm,US,United States,no_specific_rule,"No prop firm rule. General financial rules apply: comply with law, licensing, disclaimers, 18+; no get-rich-quick or exaggerated financial claims.",,18+,Financial Services (TikTok Advertising Policies),https://ads.tiktok.com/resources/help/article/tiktok-ads-policy-financial-services,Get-rich-quick offers,yes,,2026-10-07,No prop rule. CFDs need sales representative permission since Aug 2026; TikTok has not said whether prop challenges count. Confirm with sales representative.,medium
TTK-PF-VN,2026-Q4,tiktok,TikTok,prop_firm,VN,Vietnam,no_specific_rule,"No prop firm rule. General financial rules apply: comply with law, licensing, disclaimers, 18+; no get-rich-quick or exaggerated financial claims.",,18+,Financial Services (TikTok Advertising Policies),https://ads.tiktok.com/resources/help/article/tiktok-ads-policy-financial-services,Get-rich-quick offers,yes,,2026-10-07,"TikTok financial policy never mentions prop trading, funded accounts or evaluations. Confirm category with a TikTok sales representative before launch.",medium
TTK-PF-ZA,2026-Q4,tiktok,TikTok,prop_firm,ZA,South Africa,no_specific_rule,"No prop firm rule. General financial rules apply: comply with law, licensing, disclaimers, 18+; no get-rich-quick or exaggerated financial claims.",,18+,Financial Services (TikTok Advertising Policies),https://ads.tiktok.com/resources/help/article/tiktok-ads-policy-financial-services,Get-rich-quick offers,yes,,2026-10-07,"TikTok financial policy never mentions prop trading, funded accounts or evaluations. Confirm category with a TikTok sales representative before launch.",medium
TTK-PF-EEA_OTHER,2026-Q4,tiktok,TikTok,prop_firm,EEA_OTHER,EEA countries other than Germany,no_specific_rule,"No prop firm rule. General financial rules apply: comply with law, licensing, disclaimers, 18+; no get-rich-quick or exaggerated financial claims.",,18+,Financial Services (TikTok Advertising Policies),https://ads.tiktok.com/resources/help/article/tiktok-ads-policy-financial-services,Get-rich-quick offers,yes,,2026-10-07,No prop rule. Forex trading is listed as not allowed here; TikTok has not said how this applies to challenge fees. Confirm with sales representative.,medium
TTK-PF-ROW,2026-Q4,tiktok,TikTok,prop_firm,ROW,Rest of world (platform default),no_specific_rule,"No prop firm rule. General financial rules apply: comply with law, licensing, disclaimers, 18+; no get-rich-quick or exaggerated financial claims.",,18+,Financial Services (TikTok Advertising Policies),https://ads.tiktok.com/resources/help/article/tiktok-ads-policy-financial-services,Get-rich-quick offers,yes,,2026-10-07,No prop rule found anywhere in TikTok ad policies checked. 16 Promote-only markets ban all financial services ads.,medium
XXX-FX-AE,2026-Q4,x,X,forex_cfd,AE,United Arab Emirates,verification_needed,X certification plus a licence from the Securities and Commodities Authority or the Central Bank of the UAE.,"SCA, CBUAE",,Financial products and services,https://help.x.com/en/business-and-advertising/financial-services,Advertisers holds a license by the Securities and Commodities Authority (SCA) or the Central Bank of the U.A.E.,yes,,2026-10-07,DFSA and FSRA are named for crypto but not for financial entities. CFDs permitted with restrictions; binary options and financial spread betting prohibited globally.,high
XXX-FX-AU,2026-Q4,x,X,forex_cfd,AU,Australia,verification_needed,X certification plus ASIC registration for entities offering trading or brokerage services.,ASIC,,Financial products and services,https://help.x.com/en/business-and-advertising/financial-services,"Advertiser holds a registration with the Australian Securities and Investment Commission (""ASIC"")",yes,,2026-10-07,Australia rule covers securities and entities offering stock trading or brokerage services. Binary options and spread betting prohibited globally. Creator paid partnerships for financial products banned in Australia (not ads).,high
XXX-FX-BR,2026-Q4,x,X,forex_cfd,BR,Brazil,verification_needed,X certification; Brazil is on X's financial target list; no Brazil licence named by X.,,,Financial products and services,https://help.x.com/en/business-and-advertising/financial-services,determine restrictions which may be applicable per jurisdiction and obtain a prior authorization from X by getting certified,yes,,2026-10-07,"No Brazil financial rule on the page, so the global rule applies: CFDs and currency trading permitted with restrictions; binary options and spread betting prohibited.",medium
XXX-FX-DE,2026-Q4,x,X,forex_cfd,DE,Germany,verification_needed,X certification; Germany is on X's financial target list; no German licence named for financial entities.,,,Financial products and services,https://help.x.com/en/business-and-advertising/financial-services,determine restrictions which may be applicable per jurisdiction and obtain a prior authorization from X by getting certified,yes,,2026-10-07,No Germany financial entities rule; global rule applies. BaFin is named only for crypto. Binary options and spread betting prohibited globally. Creator paid partnerships for financial products banned in EU (not ads).,medium
XXX-FX-GB,2026-Q4,x,X,forex_cfd,GB,United Kingdom,verification_needed,"X certification plus FCA or Gibraltar FSC licence for brokerage, investment and foreign exchange services.","FCA, GFSC",,Financial products and services,https://help.x.com/en/business-and-advertising/financial-services,"Advertiser holds a license from the Financial Conduct Authority (""FCA"") or the Gibraltar Financial Services Commission (""GFSC"")",yes,,2026-10-07,"Financial spread betting and binary options are prohibited globally, so spread betting ads are out. Speculative illiquid securities prohibited in UK. Creator paid partnerships for financial products banned in UK (not ads).",high
XXX-FX-KE,2026-Q4,x,X,forex_cfd,KE,Kenya,verification_needed,X certification plus a Capital Markets Authority licence for foreign exchange products or services.,CMA,,Financial products and services,https://help.x.com/en/business-and-advertising/financial-services,"Advertiser holds a license from the Kenya Capital Market Authority (""CMA"")",yes,,2026-10-07,Kenya rule names foreign exchange products explicitly; banking needs a CBK licence. Binary options and spread betting prohibited globally.,high
XXX-FX-MX,2026-Q4,x,X,forex_cfd,MX,Mexico,verification_needed,X certification; the advertiser's business must be based in Mexico. No securities regulator named.,,,Financial products and services,https://help.x.com/en/business-and-advertising/financial-services,Advertisers may only target Mexico if their business is based in Mexico,yes,,2026-10-07,Brokers not based in Mexico cannot target Mexico. CONDUSEF or SAT registration applies only to cash loans and peer to peer lending.,high
XXX-FX-MY,2026-Q4,x,X,forex_cfd,MY,Malaysia,not_allowed,"Malaysia rule prohibits ads for money service businesses, securities, investment schemes and financial speculation.",,,Financial products and services,https://help.x.com/en/business-and-advertising/financial-services,"the promotion of securities and investment schemes, and the promotion of any form of financial speculation ... are prohibited",yes,,2026-10-07,No licence route named for financial entities. The speculation clause mentions stocks and shares; applying it to forex and CFDs is our reading. Crypto has a separate Securities Commission route.,medium
XXX-FX-NG,2026-Q4,x,X,forex_cfd,NG,Nigeria,verification_needed,X certification; Nigeria is on X's financial target list; no Nigeria licence named by X.,,,Financial products and services,https://help.x.com/en/business-and-advertising/financial-services,determine restrictions which may be applicable per jurisdiction and obtain a prior authorization from X by getting certified,yes,,2026-10-07,"No Nigeria rule on the page, so the global rule applies. CFDs permitted with restrictions; binary options and spread betting prohibited globally.",medium
XXX-FX-PH,2026-Q4,x,X,forex_cfd,PH,Philippines,verification_needed,X certification; Philippines is on X's financial target list; no licence named for financial entities.,,,Financial products and services,https://help.x.com/en/business-and-advertising/financial-services,determine restrictions which may be applicable per jurisdiction and obtain a prior authorization from X by getting certified,yes,,2026-10-07,No Philippines financial entities rule; global rule applies. BSP is named only for crypto. Binary options and spread betting prohibited globally.,medium
XXX-FX-TH,2026-Q4,x,X,forex_cfd,TH,Thailand,verification_needed,X certification; Thailand is on X's financial target list; no licence named for financial entities.,,,Financial products and services,https://help.x.com/en/business-and-advertising/financial-services,determine restrictions which may be applicable per jurisdiction and obtain a prior authorization from X by getting certified,yes,,2026-10-07,No Thailand financial entities rule; global rule applies. Thai SEC is named only for crypto. Binary options and spread betting prohibited globally.,medium
XXX-FX-US,2026-Q4,x,X,forex_cfd,US,United States,verification_needed,X certification; no US licence named by X for trading or currency exchange services.,,,Financial products and services,https://help.x.com/en/business-and-advertising/financial-services,determine restrictions which may be applicable per jurisdiction and obtain a prior authorization from X by getting certified,yes,,2026-10-07,The US country entry only covers financial aggregators. X does not name CFTC or NFA for forex. Binary options and spread betting prohibited globally.,medium
XXX-FX-VN,2026-Q4,x,X,forex_cfd,VN,Vietnam,verification_needed,"X certification plus a State Bank of Vietnam licence for currency exchange, trading and related services.",SBV,,Financial products and services,https://help.x.com/en/business-and-advertising/financial-services,Advertiser holds a license from the State Bank of Vietnam,yes,,2026-10-07,"Vietnam rule covers banking, asset management, currency exchange, trading and securities. Binary options and spread betting prohibited globally.",high
XXX-FX-ZA,2026-Q4,x,X,forex_cfd,ZA,South Africa,verification_needed,X certification; South Africa is on X's financial target list; no licence named for financial entities.,,,Financial products and services,https://help.x.com/en/business-and-advertising/financial-services,determine restrictions which may be applicable per jurisdiction and obtain a prior authorization from X by getting certified,yes,,2026-10-07,South Africa has a country rule only for crypto (FSP licence). Global rule applies to forex and CFDs; binary options and spread betting prohibited.,medium
XXX-FX-EEA_OTHER,2026-Q4,x,X,forex_cfd,EEA_OTHER,EEA countries other than Germany,verification_needed,X certification in listed EEA countries; Spain needs a Spanish licence or EU/EEA MiFID authorisation.,Spanish regulator or EU/EEA MiFID authorisation (Spain),listed target countries only,Financial products and services,https://help.x.com/en/business-and-advertising/financial-services,determine restrictions which may be applicable per jurisdiction and obtain a prior authorization from X by getting certified,yes,,2026-10-07,"Not on X's target list: Cyprus, Estonia, Iceland, Latvia, Liechtenstein, Lithuania, Luxembourg, Malta, Slovakia. Hungary permitted from Sep 2026 per update log. Spread betting and binary options prohibited.",medium
XXX-FX-ROW,2026-Q4,x,X,forex_cfd,ROW,Rest of world (platform default),verification_needed,X certification; local licence where X lists a country rule; only countries on X's financial target list.,,listed target countries only,Financial products and services,https://help.x.com/en/business-and-advertising/financial-services,determine restrictions which may be applicable per jurisdiction and obtain a prior authorization from X by getting certified,yes,,2026-10-07,"Countries missing from the target list cannot be targeted. Country rules exist for e.g. Canada, Hong Kong, Japan, Singapore, Spain, Turkey. CFDs permitted with restrictions; binary options, spread betting prohibited.",medium
XXX-CR-AE,2026-Q4,x,X,crypto_exchange,AE,United Arab Emirates,verification_needed,"X certification plus one licence: CBUAE stored value facility, SCA, FSRA or DFSA.","CBUAE (SVF), SCA, FSRA, DFSA",,Financial products and services,https://help.x.com/en/business-and-advertising/financial-services,"Advertiser holds at least one of the below licenses: Stored Value Facility license from Central Bank, UAE",yes,,2026-10-07,"VARA is not listed. ICOs, IEOs and crypto mining ads prohibited globally.",high
XXX-CR-AU,2026-Q4,x,X,crypto_exchange,AU,Australia,verification_needed,"X certification, AUSTRAC enrolment and registration, and an AFSL or listed exemption.","AUSTRAC, AFSL",,Financial products and services,https://help.x.com/en/business-and-advertising/financial-services,Advertiser holds a proof of enrollment and registration from AUSTRAC,yes,,2026-10-07,Second Australia line requires an AFSL or exemption. Creator paid partnerships for crypto banned in Australia (not ads). ICOs and mining prohibited globally.,high
XXX-CR-BR,2026-Q4,x,X,crypto_exchange,BR,Brazil,verification_needed,X certification and meeting local licensing; no Brazil crypto licence named by X.,,,Financial products and services,https://help.x.com/en/business-and-advertising/financial-services,determine restrictions which may be applicable per jurisdiction and obtain a prior authorization from X by getting certified,yes,,2026-10-07,No Brazil crypto rule listed; Brazil is on the target list and not on the crypto exclusion list. Global rule: exchanges and wallets permitted only once country licensing requirements are met.,medium
XXX-CR-DE,2026-Q4,x,X,crypto_exchange,DE,Germany,verification_needed,X certification plus BaFin authorisation.,BaFin,,Financial products and services,https://help.x.com/en/business-and-advertising/financial-services,"Advertiser holds Bundesanstalt für Finanzdienstleistungsaufsicht (""BAFIN"") authorization",yes,,2026-10-07,No MiCA reference on the page. Creator paid partnerships for crypto banned in EU (not ads). ICOs and mining prohibited globally.,high
XXX-CR-GB,2026-Q4,x,X,crypto_exchange,GB,United Kingdom,verification_needed,X certification plus FCA registration or authorisation; crypto derivatives may not be promoted.,FCA,,Financial products and services,https://help.x.com/en/business-and-advertising/financial-services,"Advertiser holds a proof of registration or authorization with the Financial Conduct Authority (""FCA"")",yes,,2026-10-07,UK entry also states promotion of crypto derivatives is prohibited. Creator paid partnerships for crypto banned in UK (not ads).,high
XXX-CR-KE,2026-Q4,x,X,crypto_exchange,KE,Kenya,verification_needed,X certification and meeting local licensing; no Kenya crypto licence named by X.,,,Financial products and services,https://help.x.com/en/business-and-advertising/financial-services,determine restrictions which may be applicable per jurisdiction and obtain a prior authorization from X by getting certified,yes,,2026-10-07,No Kenya crypto rule listed; Kenya is on the target list and not on the crypto exclusion list. Kenya CMA licence is named only for forex.,medium
XXX-CR-MX,2026-Q4,x,X,crypto_exchange,MX,Mexico,verification_needed,X certification and meeting local licensing; financial entities rule requires business based in Mexico.,,,Financial products and services,https://help.x.com/en/business-and-advertising/financial-services,determine restrictions which may be applicable per jurisdiction and obtain a prior authorization from X by getting certified,yes,,2026-10-07,No Mexico crypto rule listed. The Mexico based business rule sits in the financial entities section; unclear if X applies it to crypto.,medium
XXX-CR-MY,2026-Q4,x,X,crypto_exchange,MY,Malaysia,verification_needed,X certification plus a securities licence from the Securities Commission Malaysia.,Securities Commission Malaysia,,Financial products and services,https://help.x.com/en/business-and-advertising/financial-services,"Advertiser holds a securities license from Securities Commission, Malaysia",yes,,2026-10-07,"Malaysia financial entities rule separately bans money service, securities and speculation ads. ICOs and mining prohibited globally.",high
XXX-CR-NG,2026-Q4,x,X,crypto_exchange,NG,Nigeria,verification_needed,X certification and meeting local licensing; no Nigeria crypto licence named by X.,,,Financial products and services,https://help.x.com/en/business-and-advertising/financial-services,determine restrictions which may be applicable per jurisdiction and obtain a prior authorization from X by getting certified,yes,,2026-10-07,No Nigeria crypto rule listed; Nigeria is on the target list and not on the crypto exclusion list.,medium
XXX-CR-PH,2026-Q4,x,X,crypto_exchange,PH,Philippines,verification_needed,X certification plus BSP Certificate of Authority to operate as a money service business.,BSP,,Financial products and services,https://help.x.com/en/business-and-advertising/financial-services,"Advertiser holds a Certificate of Authority to operate as money service business from the Bangko Sentral ng Pilipinas (""BSP"")",yes,,2026-10-07,"ICOs, IEOs and crypto mining ads prohibited globally.",high
XXX-CR-TH,2026-Q4,x,X,crypto_exchange,TH,Thailand,verification_needed,X certification plus licence from the Minister of Finance through the Thai SEC.,SEC Thailand,,Financial products and services,https://help.x.com/en/business-and-advertising/financial-services,"Advertiser holds a license(s) from the Minister of Finance through the Securities and Exchange Commission (""SEC"")",yes,,2026-10-07,"ICOs, IEOs and crypto mining ads prohibited globally.",high
XXX-CR-US,2026-Q4,x,X,crypto_exchange,US,United States,verification_needed,"X certification plus registration with the SEC, CFTC or FinCEN.","SEC, CFTC, FinCEN",,Financial products and services,https://help.x.com/en/business-and-advertising/financial-services,"Advertiser holds a proof of registration with the Securities Exchange Commission (""SEC"") or the Commodities Futures Trading Commision (""CFTC"") or Financial Crimes Enforcement Network (""FinCEN"")",yes,,2026-10-07,"ICOs, IEOs and crypto mining ads prohibited globally.",high
XXX-CR-VN,2026-Q4,x,X,crypto_exchange,VN,Vietnam,verification_needed,X certification and meeting local licensing; no Vietnam crypto licence named by X.,,,Financial products and services,https://help.x.com/en/business-and-advertising/financial-services,determine restrictions which may be applicable per jurisdiction and obtain a prior authorization from X by getting certified,yes,,2026-10-07,No Vietnam crypto rule listed; Vietnam is on the target list and not on the crypto exclusion list. State Bank of Vietnam is named only for financial entities.,medium
XXX-CR-ZA,2026-Q4,x,X,crypto_exchange,ZA,South Africa,verification_needed,X certification plus a financial service provider licence; the FSP number must appear in ads.,FSP licence from competent local regulator,,Financial products and services,https://help.x.com/en/business-and-advertising/financial-services,Advertiser must be licensed as a financial service provider by the competent local regulatory authority.,yes,,2026-10-07,Ads must include the FSP number. X update log shows crypto permitted in South Africa with restrictions since Sep 2024.,high
XXX-CR-EEA_OTHER,2026-Q4,x,X,crypto_exchange,EEA_OTHER,EEA countries other than Germany,verification_needed,X certification plus national registration where X lists one; several EEA countries excluded or not targetable.,"Danish FSA, FIN-FSA, AMF, DNB, Finanstilsynet, Polish registry, Bank of Portugal, Swedish FSA",listed target countries only,Financial products and services,https://help.x.com/en/business-and-advertising/financial-services,determine restrictions which may be applicable per jurisdiction and obtain a prior authorization from X by getting certified,yes,,2026-10-07,"Belgium, Greece, Slovenia excluded for crypto. Cyprus, Estonia, Iceland, Latvia, Liechtenstein, Lithuania, Luxembourg, Malta, Slovakia not on target list. No MiCA reference. Creator paid partnerships for crypto banned in EU.",medium
XXX-CR-ROW,2026-Q4,x,X,crypto_exchange,ROW,Rest of world (platform default),verification_needed,X certification plus local licensing; only listed target countries; crypto excluded in seven named countries.,,listed target countries only,Financial products and services,https://help.x.com/en/business-and-advertising/financial-services,determine restrictions which may be applicable per jurisdiction and obtain a prior authorization from X by getting certified,yes,,2026-10-07,"Not available for crypto: Belgium, Greece, Qatar, Russia, Singapore, Slovenia, Ukraine. ICOs, IEOs, IDExOs and mining prohibited globally. Country rules exist for e.g. Canada, Japan, Hong Kong.",medium
XXX-PF-AE,2026-Q4,x,X,prop_firm,AE,United Arab Emirates,no_specific_rule,No prop firm rule; general financial ads rules and deceptive content rules apply.,,,Financial products and services,https://help.x.com/en/business-and-advertising/financial-services,The restrictions are based on the specific product or service being promoted as well as the region or country being targeted.,yes,,2026-10-07,"No mention of prop trading, funded accounts or trading challenges on X financial, gambling, deceptive or unacceptable content pages. Reviewers may treat it as a trading service needing certification.",medium
XXX-PF-AU,2026-Q4,x,X,prop_firm,AU,Australia,no_specific_rule,No prop firm rule; general financial ads rules and deceptive content rules apply.,,,Financial products and services,https://help.x.com/en/business-and-advertising/financial-services,The restrictions are based on the specific product or service being promoted as well as the region or country being targeted.,yes,,2026-10-07,"No mention of prop trading, funded accounts or trading challenges on X policy pages. Get rich quick claims banned. Creator paid partnerships for financial products banned here (not ads).",medium
XXX-PF-BR,2026-Q4,x,X,prop_firm,BR,Brazil,no_specific_rule,No prop firm rule; general financial ads rules and deceptive content rules apply.,,,Financial products and services,https://help.x.com/en/business-and-advertising/financial-services,The restrictions are based on the specific product or service being promoted as well as the region or country being targeted.,yes,,2026-10-07,"No mention of prop trading, funded accounts or trading challenges on X financial, gambling, deceptive or unacceptable content pages. Reviewers may treat it as a trading service needing certification.",medium
XXX-PF-DE,2026-Q4,x,X,prop_firm,DE,Germany,no_specific_rule,No prop firm rule; general financial ads rules and deceptive content rules apply.,,,Financial products and services,https://help.x.com/en/business-and-advertising/financial-services,The restrictions are based on the specific product or service being promoted as well as the region or country being targeted.,yes,,2026-10-07,"No mention of prop trading, funded accounts or trading challenges on X policy pages. Get rich quick claims banned. Creator paid partnerships for financial products banned here (not ads).",medium
XXX-PF-GB,2026-Q4,x,X,prop_firm,GB,United Kingdom,no_specific_rule,No prop firm rule; general financial ads rules and deceptive content rules apply.,,,Financial products and services,https://help.x.com/en/business-and-advertising/financial-services,The restrictions are based on the specific product or service being promoted as well as the region or country being targeted.,yes,,2026-10-07,"No mention of prop trading, funded accounts or trading challenges on X policy pages. Get rich quick claims banned. Creator paid partnerships for financial products banned here (not ads).",medium
XXX-PF-KE,2026-Q4,x,X,prop_firm,KE,Kenya,no_specific_rule,No prop firm rule; general financial ads rules and deceptive content rules apply.,,,Financial products and services,https://help.x.com/en/business-and-advertising/financial-services,The restrictions are based on the specific product or service being promoted as well as the region or country being targeted.,yes,,2026-10-07,"No mention of prop trading, funded accounts or trading challenges on X financial, gambling, deceptive or unacceptable content pages. Reviewers may treat it as a trading service needing certification.",medium
XXX-PF-MX,2026-Q4,x,X,prop_firm,MX,Mexico,no_specific_rule,No prop firm rule; general financial ads rules and deceptive content rules apply.,,,Financial products and services,https://help.x.com/en/business-and-advertising/financial-services,The restrictions are based on the specific product or service being promoted as well as the region or country being targeted.,yes,,2026-10-07,"No mention of prop trading, funded accounts or trading challenges on X financial, gambling, deceptive or unacceptable content pages. Reviewers may treat it as a trading service needing certification.",medium
XXX-PF-MY,2026-Q4,x,X,prop_firm,MY,Malaysia,no_specific_rule,No prop firm rule; general financial ads rules and deceptive content rules apply.,,,Financial products and services,https://help.x.com/en/business-and-advertising/financial-services,The restrictions are based on the specific product or service being promoted as well as the region or country being targeted.,yes,,2026-10-07,"No mention of prop trading or funded accounts on X policy pages. Malaysia country rule bans financial speculation ads, which reviewers could apply.",medium
XXX-PF-NG,2026-Q4,x,X,prop_firm,NG,Nigeria,no_specific_rule,No prop firm rule; general financial ads rules and deceptive content rules apply.,,,Financial products and services,https://help.x.com/en/business-and-advertising/financial-services,The restrictions are based on the specific product or service being promoted as well as the region or country being targeted.,yes,,2026-10-07,"No mention of prop trading, funded accounts or trading challenges on X financial, gambling, deceptive or unacceptable content pages. Reviewers may treat it as a trading service needing certification.",medium
XXX-PF-PH,2026-Q4,x,X,prop_firm,PH,Philippines,no_specific_rule,No prop firm rule; general financial ads rules and deceptive content rules apply.,,,Financial products and services,https://help.x.com/en/business-and-advertising/financial-services,The restrictions are based on the specific product or service being promoted as well as the region or country being targeted.,yes,,2026-10-07,"No mention of prop trading, funded accounts or trading challenges on X financial, gambling, deceptive or unacceptable content pages. Reviewers may treat it as a trading service needing certification.",medium
XXX-PF-TH,2026-Q4,x,X,prop_firm,TH,Thailand,no_specific_rule,No prop firm rule; general financial ads rules and deceptive content rules apply.,,,Financial products and services,https://help.x.com/en/business-and-advertising/financial-services,The restrictions are based on the specific product or service being promoted as well as the region or country being targeted.,yes,,2026-10-07,"No mention of prop trading, funded accounts or trading challenges on X financial, gambling, deceptive or unacceptable content pages. Reviewers may treat it as a trading service needing certification.",medium
XXX-PF-US,2026-Q4,x,X,prop_firm,US,United States,no_specific_rule,No prop firm rule; general financial ads rules and deceptive content rules apply.,,,Financial products and services,https://help.x.com/en/business-and-advertising/financial-services,The restrictions are based on the specific product or service being promoted as well as the region or country being targeted.,yes,,2026-10-07,"No mention of prop trading, funded accounts or trading challenges on X financial, gambling, deceptive or unacceptable content pages. Reviewers may treat it as a trading service needing certification.",medium
XXX-PF-VN,2026-Q4,x,X,prop_firm,VN,Vietnam,no_specific_rule,No prop firm rule; general financial ads rules and deceptive content rules apply.,,,Financial products and services,https://help.x.com/en/business-and-advertising/financial-services,The restrictions are based on the specific product or service being promoted as well as the region or country being targeted.,yes,,2026-10-07,"No mention of prop trading, funded accounts or trading challenges on X financial, gambling, deceptive or unacceptable content pages. Reviewers may treat it as a trading service needing certification.",medium
XXX-PF-ZA,2026-Q4,x,X,prop_firm,ZA,South Africa,no_specific_rule,No prop firm rule; general financial ads rules and deceptive content rules apply.,,,Financial products and services,https://help.x.com/en/business-and-advertising/financial-services,The restrictions are based on the specific product or service being promoted as well as the region or country being targeted.,yes,,2026-10-07,"No mention of prop trading, funded accounts or trading challenges on X financial, gambling, deceptive or unacceptable content pages. Reviewers may treat it as a trading service needing certification.",medium
XXX-PF-EEA_OTHER,2026-Q4,x,X,prop_firm,EEA_OTHER,EEA countries other than Germany,no_specific_rule,No prop firm rule; general financial ads rules and deceptive content rules apply.,,listed target countries only,Financial products and services,https://help.x.com/en/business-and-advertising/financial-services,The restrictions are based on the specific product or service being promoted as well as the region or country being targeted.,yes,,2026-10-07,"No mention of prop trading, funded accounts or trading challenges on X policy pages. Get rich quick claims banned. Creator paid partnerships for financial products banned here (not ads).",medium
XXX-PF-ROW,2026-Q4,x,X,prop_firm,ROW,Rest of world (platform default),no_specific_rule,No prop firm rule; general financial ads rules and deceptive content rules apply.,,listed target countries only,Financial products and services,https://help.x.com/en/business-and-advertising/financial-services,The restrictions are based on the specific product or service being promoted as well as the region or country being targeted.,yes,,2026-10-07,"No mention of prop trading, funded accounts or trading challenges on X financial, gambling, deceptive or unacceptable content pages. Reviewers may treat it as a trading service needing certification.",medium
LIN-FX-AE,2026-Q4,linkedin,LinkedIn,forex_cfd,AE,United Arab Emirates,restricted,Restricted category (financial trading); ads must comply with local law and pass LinkedIn ad review. Detailed conditions sit in a Help article not verified.,,,"LinkedIn Advertising Policies: Restricted Content, Financial Services",https://www.linkedin.com/legal/ads-policy,"Ads promoting financial products and services are restricted. This includes ... investments and investment advising, financial trading and exchanges",manual_check,,2026-10-07,"No UAE-specific LinkedIn rule; global restricted rule applies. Help article a9357023 with detailed conditions could not be opened, so licence or approval gates are unconfirmed.",medium
LIN-FX-AU,2026-Q4,linkedin,LinkedIn,forex_cfd,AU,Australia,restricted,Restricted category (financial trading); ads must comply with local law and pass LinkedIn ad review. Detailed conditions sit in a Help article not verified.,,,"LinkedIn Advertising Policies: Restricted Content, Financial Services",https://www.linkedin.com/legal/ads-policy,"Ads promoting financial products and services are restricted. This includes ... investments and investment advising, financial trading and exchanges",manual_check,,2026-10-07,"No Australia-specific LinkedIn rule; global restricted rule applies. Help article a9357023 with detailed conditions could not be opened, so licence or approval gates are unconfirmed.",medium
LIN-FX-BR,2026-Q4,linkedin,LinkedIn,forex_cfd,BR,Brazil,restricted,Restricted category (financial trading); ads must comply with local law and pass LinkedIn ad review. Detailed conditions sit in a Help article not verified.,,,"LinkedIn Advertising Policies: Restricted Content, Financial Services",https://www.linkedin.com/legal/ads-policy,"Ads promoting financial products and services are restricted. This includes ... investments and investment advising, financial trading and exchanges",manual_check,,2026-10-07,"No Brazil-specific LinkedIn rule; global restricted rule applies. Help article a9357023 with detailed conditions could not be opened, so licence or approval gates are unconfirmed.",medium
LIN-FX-DE,2026-Q4,linkedin,LinkedIn,forex_cfd,DE,Germany,restricted,Restricted category (financial trading); ads must comply with local law and pass LinkedIn ad review. Detailed conditions sit in a Help article not verified.,,,"LinkedIn Advertising Policies: Restricted Content, Financial Services",https://www.linkedin.com/legal/ads-policy,"Ads promoting financial products and services are restricted. This includes ... investments and investment advising, financial trading and exchanges",manual_check,,2026-10-07,"No Germany-specific financial rule on LinkedIn's page. LinkedIn requires compliance with local law, so national retail CFD and forex ad restrictions bind advertisers. Help article a9357023 could not be opened.",medium
LIN-FX-GB,2026-Q4,linkedin,LinkedIn,forex_cfd,GB,United Kingdom,licence_needed,Only UK FCA authorised advertisers may run financial services or products ads to UK audiences.,FCA,,"LinkedIn Advertising Policies: Restricted Content, Financial Services",https://www.linkedin.com/legal/ads-policy,Ads promoting financial services or products to audiences in the United Kingdom may come from UK Financial Conduct Authority authorized advertisers only.,manual_check,2024-05-28,2026-10-07,Press reports LinkedIn Help a6238495 (not openable) runs a Campaign Manager pre-approval using the FCA Firm Reference Number since 2024-05-28; may equal verification_needed. UK advertisers must also follow the CAP Code.,high
LIN-FX-KE,2026-Q4,linkedin,LinkedIn,forex_cfd,KE,Kenya,restricted,Restricted category (financial trading); ads must comply with local law and pass LinkedIn ad review. Detailed conditions sit in a Help article not verified.,,,"LinkedIn Advertising Policies: Restricted Content, Financial Services",https://www.linkedin.com/legal/ads-policy,"Ads promoting financial products and services are restricted. This includes ... investments and investment advising, financial trading and exchanges",manual_check,,2026-10-07,"No Kenya-specific LinkedIn rule; global restricted rule applies. Help article a9357023 with detailed conditions could not be opened, so licence or approval gates are unconfirmed.",medium
LIN-FX-MX,2026-Q4,linkedin,LinkedIn,forex_cfd,MX,Mexico,restricted,Restricted category (financial trading); ads must comply with local law and pass LinkedIn ad review. Detailed conditions sit in a Help article not verified.,,,"LinkedIn Advertising Policies: Restricted Content, Financial Services",https://www.linkedin.com/legal/ads-policy,"Ads promoting financial products and services are restricted. This includes ... investments and investment advising, financial trading and exchanges",manual_check,,2026-10-07,"No Mexico-specific LinkedIn rule; global restricted rule applies. Help article a9357023 with detailed conditions could not be opened, so licence or approval gates are unconfirmed.",medium
LIN-FX-MY,2026-Q4,linkedin,LinkedIn,forex_cfd,MY,Malaysia,restricted,Restricted category (financial trading); ads must comply with local law and pass LinkedIn ad review. Detailed conditions sit in a Help article not verified.,,,"LinkedIn Advertising Policies: Restricted Content, Financial Services",https://www.linkedin.com/legal/ads-policy,"Ads promoting financial products and services are restricted. This includes ... investments and investment advising, financial trading and exchanges",manual_check,,2026-10-07,"No Malaysia-specific LinkedIn rule; global restricted rule applies. Help article a9357023 with detailed conditions could not be opened, so licence or approval gates are unconfirmed.",medium
LIN-FX-NG,2026-Q4,linkedin,LinkedIn,forex_cfd,NG,Nigeria,restricted,Restricted category (financial trading); ads must comply with local law and pass LinkedIn ad review. Detailed conditions sit in a Help article not verified.,,,"LinkedIn Advertising Policies: Restricted Content, Financial Services",https://www.linkedin.com/legal/ads-policy,"Ads promoting financial products and services are restricted. This includes ... investments and investment advising, financial trading and exchanges",manual_check,,2026-10-07,"No Nigeria-specific LinkedIn rule; global restricted rule applies. Help article a9357023 with detailed conditions could not be opened, so licence or approval gates are unconfirmed.",medium
LIN-FX-PH,2026-Q4,linkedin,LinkedIn,forex_cfd,PH,Philippines,restricted,Restricted category (financial trading); ads must comply with local law and pass LinkedIn ad review. Detailed conditions sit in a Help article not verified.,,,"LinkedIn Advertising Policies: Restricted Content, Financial Services",https://www.linkedin.com/legal/ads-policy,"Ads promoting financial products and services are restricted. This includes ... investments and investment advising, financial trading and exchanges",manual_check,,2026-10-07,"No Philippines-specific LinkedIn rule; global restricted rule applies. Help article a9357023 with detailed conditions could not be opened, so licence or approval gates are unconfirmed.",medium
LIN-FX-TH,2026-Q4,linkedin,LinkedIn,forex_cfd,TH,Thailand,restricted,Restricted category (financial trading); ads must comply with local law and pass LinkedIn ad review. Detailed conditions sit in a Help article not verified.,,,"LinkedIn Advertising Policies: Restricted Content, Financial Services",https://www.linkedin.com/legal/ads-policy,"Ads promoting financial products and services are restricted. This includes ... investments and investment advising, financial trading and exchanges",manual_check,,2026-10-07,"No Thailand-specific LinkedIn rule; global restricted rule applies. Help article a9357023 with detailed conditions could not be opened, so licence or approval gates are unconfirmed.",medium
LIN-FX-US,2026-Q4,linkedin,LinkedIn,forex_cfd,US,United States,restricted,Restricted category (financial trading); ads must comply with local law and pass LinkedIn ad review. Detailed conditions sit in a Help article not verified.,,,"LinkedIn Advertising Policies: Restricted Content, Financial Services",https://www.linkedin.com/legal/ads-policy,"Ads promoting financial products and services are restricted. This includes ... investments and investment advising, financial trading and exchanges",manual_check,,2026-10-07,"No US-specific LinkedIn rule; global restricted rule applies. Help article a9357023 with detailed conditions could not be opened, so licence or approval gates are unconfirmed.",medium
LIN-FX-VN,2026-Q4,linkedin,LinkedIn,forex_cfd,VN,Vietnam,restricted,Restricted category (financial trading); ads must comply with local law and pass LinkedIn ad review. Detailed conditions sit in a Help article not verified.,,,"LinkedIn Advertising Policies: Restricted Content, Financial Services",https://www.linkedin.com/legal/ads-policy,"Ads promoting financial products and services are restricted. This includes ... investments and investment advising, financial trading and exchanges",manual_check,,2026-10-07,"No Vietnam-specific LinkedIn rule; global restricted rule applies. Help article a9357023 with detailed conditions could not be opened, so licence or approval gates are unconfirmed.",medium
LIN-FX-ZA,2026-Q4,linkedin,LinkedIn,forex_cfd,ZA,South Africa,restricted,Restricted category (financial trading); ads must comply with local law and pass LinkedIn ad review. Detailed conditions sit in a Help article not verified.,,,"LinkedIn Advertising Policies: Restricted Content, Financial Services",https://www.linkedin.com/legal/ads-policy,"Ads promoting financial products and services are restricted. This includes ... investments and investment advising, financial trading and exchanges",manual_check,,2026-10-07,"No South Africa-specific LinkedIn rule; global restricted rule applies. Help article a9357023 with detailed conditions could not be opened, so licence or approval gates are unconfirmed.",medium
LIN-FX-EEA_OTHER,2026-Q4,linkedin,LinkedIn,forex_cfd,EEA_OTHER,EEA countries other than Germany,restricted,Restricted category (financial trading); ads must comply with local law and pass LinkedIn ad review. Detailed conditions sit in a Help article not verified.,,,"LinkedIn Advertising Policies: Restricted Content, Financial Services",https://www.linkedin.com/legal/ads-policy,"Ads promoting financial products and services are restricted. This includes ... investments and investment advising, financial trading and exchanges",manual_check,,2026-10-07,"No EEA-specific financial rule on LinkedIn's page. LinkedIn requires compliance with local law, so national retail CFD and forex ad restrictions bind advertisers. Help article a9357023 could not be opened.",medium
LIN-FX-ROW,2026-Q4,linkedin,LinkedIn,forex_cfd,ROW,Rest of world (platform default),restricted,Restricted category (financial trading); ads must comply with local law and pass LinkedIn ad review. Detailed conditions sit in a Help article not verified.,,,"LinkedIn Advertising Policies: Restricted Content, Financial Services",https://www.linkedin.com/legal/ads-policy,"Ads promoting financial products and services are restricted. This includes ... investments and investment advising, financial trading and exchanges",manual_check,,2026-10-07,"No market-specific LinkedIn rule; global restricted rule applies. Help article a9357023 with detailed conditions could not be opened, so licence or approval gates are unconfirmed. Affiliate advertising is prohibited outright.",medium
LIN-CR-AE,2026-Q4,linkedin,LinkedIn,crypto_exchange,AE,United Arab Emirates,restricted,Restricted category; cryptocurrency ads must comply with local law and pass LinkedIn ad review. Detailed conditions sit in a Help article not verified.,,,"LinkedIn Advertising Policies: Restricted Content, Cryptocurrency",https://www.linkedin.com/legal/ads-policy,Ads promoting cryptocurrency and related products are restricted.,manual_check,,2026-10-07,"No UAE-specific LinkedIn crypto rule; global restricted rule applies. Help article a9401025 could not be opened, so licence, approval or sub-product bans (exchanges, ICOs) are unconfirmed.",medium
LIN-CR-AU,2026-Q4,linkedin,LinkedIn,crypto_exchange,AU,Australia,restricted,Restricted category; cryptocurrency ads must comply with local law and pass LinkedIn ad review. Detailed conditions sit in a Help article not verified.,,,"LinkedIn Advertising Policies: Restricted Content, Cryptocurrency",https://www.linkedin.com/legal/ads-policy,Ads promoting cryptocurrency and related products are restricted.,manual_check,,2026-10-07,"No Australia-specific LinkedIn crypto rule; global restricted rule applies. Help article a9401025 could not be opened, so licence, approval or sub-product bans (exchanges, ICOs) are unconfirmed.",medium
LIN-CR-BR,2026-Q4,linkedin,LinkedIn,crypto_exchange,BR,Brazil,restricted,Restricted category; cryptocurrency ads must comply with local law and pass LinkedIn ad review. Detailed conditions sit in a Help article not verified.,,,"LinkedIn Advertising Policies: Restricted Content, Cryptocurrency",https://www.linkedin.com/legal/ads-policy,Ads promoting cryptocurrency and related products are restricted.,manual_check,,2026-10-07,"No Brazil-specific LinkedIn crypto rule; global restricted rule applies. Help article a9401025 could not be opened, so licence, approval or sub-product bans (exchanges, ICOs) are unconfirmed.",medium
LIN-CR-DE,2026-Q4,linkedin,LinkedIn,crypto_exchange,DE,Germany,restricted,Restricted category; cryptocurrency ads must comply with local law and pass LinkedIn ad review. Detailed conditions sit in a Help article not verified.,,,"LinkedIn Advertising Policies: Restricted Content, Cryptocurrency",https://www.linkedin.com/legal/ads-policy,Ads promoting cryptocurrency and related products are restricted.,manual_check,,2026-10-07,No Germany-specific crypto rule on LinkedIn's page and no mention of MiCA; MiCA marketing rules bind via LinkedIn's local law requirement. Help article a9401025 could not be opened.,medium
LIN-CR-GB,2026-Q4,linkedin,LinkedIn,crypto_exchange,GB,United Kingdom,licence_needed,UK financial ads limited to FCA authorised advertisers; cryptocurrency is also a restricted category. Whether FCA registered cryptoasset firms qualify is unconfirmed.,FCA,,"LinkedIn Advertising Policies: Restricted Content, Financial Services",https://www.linkedin.com/legal/ads-policy,Ads promoting financial services or products to audiences in the United Kingdom may come from UK Financial Conduct Authority authorized advertisers only.,manual_check,2024-05-28,2026-10-07,"UK rule sits under Financial Services; crypto has its own restricted section. Applying the FCA authorised rule to exchanges is our reading, as crypto firms are often only FCA registered. Help a6238495 unopenable.",low
LIN-CR-KE,2026-Q4,linkedin,LinkedIn,crypto_exchange,KE,Kenya,restricted,Restricted category; cryptocurrency ads must comply with local law and pass LinkedIn ad review. Detailed conditions sit in a Help article not verified.,,,"LinkedIn Advertising Policies: Restricted Content, Cryptocurrency",https://www.linkedin.com/legal/ads-policy,Ads promoting cryptocurrency and related products are restricted.,manual_check,,2026-10-07,"No Kenya-specific LinkedIn crypto rule; global restricted rule applies. Help article a9401025 could not be opened, so licence, approval or sub-product bans (exchanges, ICOs) are unconfirmed.",medium
LIN-CR-MX,2026-Q4,linkedin,LinkedIn,crypto_exchange,MX,Mexico,restricted,Restricted category; cryptocurrency ads must comply with local law and pass LinkedIn ad review. Detailed conditions sit in a Help article not verified.,,,"LinkedIn Advertising Policies: Restricted Content, Cryptocurrency",https://www.linkedin.com/legal/ads-policy,Ads promoting cryptocurrency and related products are restricted.,manual_check,,2026-10-07,"No Mexico-specific LinkedIn crypto rule; global restricted rule applies. Help article a9401025 could not be opened, so licence, approval or sub-product bans (exchanges, ICOs) are unconfirmed.",medium
LIN-CR-MY,2026-Q4,linkedin,LinkedIn,crypto_exchange,MY,Malaysia,restricted,Restricted category; cryptocurrency ads must comply with local law and pass LinkedIn ad review. Detailed conditions sit in a Help article not verified.,,,"LinkedIn Advertising Policies: Restricted Content, Cryptocurrency",https://www.linkedin.com/legal/ads-policy,Ads promoting cryptocurrency and related products are restricted.,manual_check,,2026-10-07,"No Malaysia-specific LinkedIn crypto rule; global restricted rule applies. Help article a9401025 could not be opened, so licence, approval or sub-product bans (exchanges, ICOs) are unconfirmed.",medium
LIN-CR-NG,2026-Q4,linkedin,LinkedIn,crypto_exchange,NG,Nigeria,restricted,Restricted category; cryptocurrency ads must comply with local law and pass LinkedIn ad review. Detailed conditions sit in a Help article not verified.,,,"LinkedIn Advertising Policies: Restricted Content, Cryptocurrency",https://www.linkedin.com/legal/ads-policy,Ads promoting cryptocurrency and related products are restricted.,manual_check,,2026-10-07,"No Nigeria-specific LinkedIn crypto rule; global restricted rule applies. Help article a9401025 could not be opened, so licence, approval or sub-product bans (exchanges, ICOs) are unconfirmed.",medium
LIN-CR-PH,2026-Q4,linkedin,LinkedIn,crypto_exchange,PH,Philippines,restricted,Restricted category; cryptocurrency ads must comply with local law and pass LinkedIn ad review. Detailed conditions sit in a Help article not verified.,,,"LinkedIn Advertising Policies: Restricted Content, Cryptocurrency",https://www.linkedin.com/legal/ads-policy,Ads promoting cryptocurrency and related products are restricted.,manual_check,,2026-10-07,"No Philippines-specific LinkedIn crypto rule; global restricted rule applies. Help article a9401025 could not be opened, so licence, approval or sub-product bans (exchanges, ICOs) are unconfirmed.",medium
LIN-CR-TH,2026-Q4,linkedin,LinkedIn,crypto_exchange,TH,Thailand,restricted,Restricted category; cryptocurrency ads must comply with local law and pass LinkedIn ad review. Detailed conditions sit in a Help article not verified.,,,"LinkedIn Advertising Policies: Restricted Content, Cryptocurrency",https://www.linkedin.com/legal/ads-policy,Ads promoting cryptocurrency and related products are restricted.,manual_check,,2026-10-07,"No Thailand-specific LinkedIn crypto rule; global restricted rule applies. Help article a9401025 could not be opened, so licence, approval or sub-product bans (exchanges, ICOs) are unconfirmed.",medium
LIN-CR-US,2026-Q4,linkedin,LinkedIn,crypto_exchange,US,United States,restricted,Restricted category; cryptocurrency ads must comply with local law and pass LinkedIn ad review. Detailed conditions sit in a Help article not verified.,,,"LinkedIn Advertising Policies: Restricted Content, Cryptocurrency",https://www.linkedin.com/legal/ads-policy,Ads promoting cryptocurrency and related products are restricted.,manual_check,,2026-10-07,"No US-specific LinkedIn crypto rule; global restricted rule applies. Help article a9401025 could not be opened, so licence, approval or sub-product bans (exchanges, ICOs) are unconfirmed.",medium
LIN-CR-VN,2026-Q4,linkedin,LinkedIn,crypto_exchange,VN,Vietnam,restricted,Restricted category; cryptocurrency ads must comply with local law and pass LinkedIn ad review. Detailed conditions sit in a Help article not verified.,,,"LinkedIn Advertising Policies: Restricted Content, Cryptocurrency",https://www.linkedin.com/legal/ads-policy,Ads promoting cryptocurrency and related products are restricted.,manual_check,,2026-10-07,"No Vietnam-specific LinkedIn crypto rule; global restricted rule applies. Help article a9401025 could not be opened, so licence, approval or sub-product bans (exchanges, ICOs) are unconfirmed.",medium
LIN-CR-ZA,2026-Q4,linkedin,LinkedIn,crypto_exchange,ZA,South Africa,restricted,Restricted category; cryptocurrency ads must comply with local law and pass LinkedIn ad review. Detailed conditions sit in a Help article not verified.,,,"LinkedIn Advertising Policies: Restricted Content, Cryptocurrency",https://www.linkedin.com/legal/ads-policy,Ads promoting cryptocurrency and related products are restricted.,manual_check,,2026-10-07,"No South Africa-specific LinkedIn crypto rule; global restricted rule applies. Help article a9401025 could not be opened, so licence, approval or sub-product bans (exchanges, ICOs) are unconfirmed.",medium
LIN-CR-EEA_OTHER,2026-Q4,linkedin,LinkedIn,crypto_exchange,EEA_OTHER,EEA countries other than Germany,restricted,Restricted category; cryptocurrency ads must comply with local law and pass LinkedIn ad review. Detailed conditions sit in a Help article not verified.,,,"LinkedIn Advertising Policies: Restricted Content, Cryptocurrency",https://www.linkedin.com/legal/ads-policy,Ads promoting cryptocurrency and related products are restricted.,manual_check,,2026-10-07,No EEA-specific crypto rule on LinkedIn's page and no mention of MiCA; MiCA marketing rules bind via LinkedIn's local law requirement. Help article a9401025 could not be opened.,medium
LIN-CR-ROW,2026-Q4,linkedin,LinkedIn,crypto_exchange,ROW,Rest of world (platform default),restricted,Restricted category; cryptocurrency ads must comply with local law and pass LinkedIn ad review. Detailed conditions sit in a Help article not verified.,,,"LinkedIn Advertising Policies: Restricted Content, Cryptocurrency",https://www.linkedin.com/legal/ads-policy,Ads promoting cryptocurrency and related products are restricted.,manual_check,,2026-10-07,"No market-specific LinkedIn crypto rule; global restricted rule applies. Help article a9401025 could not be opened, so licence, approval or sub-product bans (exchanges, ICOs) are unconfirmed.",medium
LIN-PF-AE,2026-Q4,linkedin,LinkedIn,prop_firm,AE,United Arab Emirates,no_specific_rule,No prop firm rule. General financial services restriction and local law compliance likely apply if reviewed as financial trading.,,,"LinkedIn Advertising Policies: Restricted Content, Financial Services",https://www.linkedin.com/legal/ads-policy,"Ads promoting financial products and services are restricted. This includes ... investments and investment advising, financial trading and exchanges",manual_check,,2026-10-07,"LinkedIn pages never mention prop trading, funded trader programs or evaluations; no UAE-specific rule. Reviewers may class challenges as financial trading (restricted). Affiliate ads are prohibited.",medium
LIN-PF-AU,2026-Q4,linkedin,LinkedIn,prop_firm,AU,Australia,no_specific_rule,No prop firm rule. General financial services restriction and local law compliance likely apply if reviewed as financial trading.,,,"LinkedIn Advertising Policies: Restricted Content, Financial Services",https://www.linkedin.com/legal/ads-policy,"Ads promoting financial products and services are restricted. This includes ... investments and investment advising, financial trading and exchanges",manual_check,,2026-10-07,"LinkedIn pages never mention prop trading, funded trader programs or evaluations; no Australia-specific rule. Reviewers may class challenges as financial trading (restricted). Affiliate ads are prohibited.",medium
LIN-PF-BR,2026-Q4,linkedin,LinkedIn,prop_firm,BR,Brazil,no_specific_rule,No prop firm rule. General financial services restriction and local law compliance likely apply if reviewed as financial trading.,,,"LinkedIn Advertising Policies: Restricted Content, Financial Services",https://www.linkedin.com/legal/ads-policy,"Ads promoting financial products and services are restricted. This includes ... investments and investment advising, financial trading and exchanges",manual_check,,2026-10-07,"LinkedIn pages never mention prop trading, funded trader programs or evaluations; no Brazil-specific rule. Reviewers may class challenges as financial trading (restricted). Affiliate ads are prohibited.",medium
LIN-PF-DE,2026-Q4,linkedin,LinkedIn,prop_firm,DE,Germany,no_specific_rule,No prop firm rule. General financial services restriction and local law compliance likely apply if reviewed as financial trading.,,,"LinkedIn Advertising Policies: Restricted Content, Financial Services",https://www.linkedin.com/legal/ads-policy,"Ads promoting financial products and services are restricted. This includes ... investments and investment advising, financial trading and exchanges",manual_check,,2026-10-07,"LinkedIn pages never mention prop trading, funded trader programs or evaluations; no Germany-specific rule. Reviewers may class challenges as financial trading (restricted). Affiliate ads are prohibited.",medium
LIN-PF-GB,2026-Q4,linkedin,LinkedIn,prop_firm,GB,United Kingdom,no_specific_rule,"No prop firm rule. If LinkedIn treats challenges as a financial service, only UK FCA authorised advertisers may target UK audiences.",,,"LinkedIn Advertising Policies: Restricted Content, Financial Services",https://www.linkedin.com/legal/ads-policy,Ads promoting financial services or products to audiences in the United Kingdom may come from UK Financial Conduct Authority authorized advertisers only.,manual_check,,2026-10-07,"LinkedIn pages never mention prop trading, funded trader programs or evaluations. The UK FCA authorised only rule would block unauthorised firms if review classes challenges as financial trading.",medium
LIN-PF-KE,2026-Q4,linkedin,LinkedIn,prop_firm,KE,Kenya,no_specific_rule,No prop firm rule. General financial services restriction and local law compliance likely apply if reviewed as financial trading.,,,"LinkedIn Advertising Policies: Restricted Content, Financial Services",https://www.linkedin.com/legal/ads-policy,"Ads promoting financial products and services are restricted. This includes ... investments and investment advising, financial trading and exchanges",manual_check,,2026-10-07,"LinkedIn pages never mention prop trading, funded trader programs or evaluations; no Kenya-specific rule. Reviewers may class challenges as financial trading (restricted). Affiliate ads are prohibited.",medium
LIN-PF-MX,2026-Q4,linkedin,LinkedIn,prop_firm,MX,Mexico,no_specific_rule,No prop firm rule. General financial services restriction and local law compliance likely apply if reviewed as financial trading.,,,"LinkedIn Advertising Policies: Restricted Content, Financial Services",https://www.linkedin.com/legal/ads-policy,"Ads promoting financial products and services are restricted. This includes ... investments and investment advising, financial trading and exchanges",manual_check,,2026-10-07,"LinkedIn pages never mention prop trading, funded trader programs or evaluations; no Mexico-specific rule. Reviewers may class challenges as financial trading (restricted). Affiliate ads are prohibited.",medium
LIN-PF-MY,2026-Q4,linkedin,LinkedIn,prop_firm,MY,Malaysia,no_specific_rule,No prop firm rule. General financial services restriction and local law compliance likely apply if reviewed as financial trading.,,,"LinkedIn Advertising Policies: Restricted Content, Financial Services",https://www.linkedin.com/legal/ads-policy,"Ads promoting financial products and services are restricted. This includes ... investments and investment advising, financial trading and exchanges",manual_check,,2026-10-07,"LinkedIn pages never mention prop trading, funded trader programs or evaluations; no Malaysia-specific rule. Reviewers may class challenges as financial trading (restricted). Affiliate ads are prohibited.",medium
LIN-PF-NG,2026-Q4,linkedin,LinkedIn,prop_firm,NG,Nigeria,no_specific_rule,No prop firm rule. General financial services restriction and local law compliance likely apply if reviewed as financial trading.,,,"LinkedIn Advertising Policies: Restricted Content, Financial Services",https://www.linkedin.com/legal/ads-policy,"Ads promoting financial products and services are restricted. This includes ... investments and investment advising, financial trading and exchanges",manual_check,,2026-10-07,"LinkedIn pages never mention prop trading, funded trader programs or evaluations; no Nigeria-specific rule. Reviewers may class challenges as financial trading (restricted). Affiliate ads are prohibited.",medium
LIN-PF-PH,2026-Q4,linkedin,LinkedIn,prop_firm,PH,Philippines,no_specific_rule,No prop firm rule. General financial services restriction and local law compliance likely apply if reviewed as financial trading.,,,"LinkedIn Advertising Policies: Restricted Content, Financial Services",https://www.linkedin.com/legal/ads-policy,"Ads promoting financial products and services are restricted. This includes ... investments and investment advising, financial trading and exchanges",manual_check,,2026-10-07,"LinkedIn pages never mention prop trading, funded trader programs or evaluations; no Philippines-specific rule. Reviewers may class challenges as financial trading (restricted). Affiliate ads are prohibited.",medium
LIN-PF-TH,2026-Q4,linkedin,LinkedIn,prop_firm,TH,Thailand,no_specific_rule,No prop firm rule. General financial services restriction and local law compliance likely apply if reviewed as financial trading.,,,"LinkedIn Advertising Policies: Restricted Content, Financial Services",https://www.linkedin.com/legal/ads-policy,"Ads promoting financial products and services are restricted. This includes ... investments and investment advising, financial trading and exchanges",manual_check,,2026-10-07,"LinkedIn pages never mention prop trading, funded trader programs or evaluations; no Thailand-specific rule. Reviewers may class challenges as financial trading (restricted). Affiliate ads are prohibited.",medium
LIN-PF-US,2026-Q4,linkedin,LinkedIn,prop_firm,US,United States,no_specific_rule,No prop firm rule. General financial services restriction and local law compliance likely apply if reviewed as financial trading.,,,"LinkedIn Advertising Policies: Restricted Content, Financial Services",https://www.linkedin.com/legal/ads-policy,"Ads promoting financial products and services are restricted. This includes ... investments and investment advising, financial trading and exchanges",manual_check,,2026-10-07,"LinkedIn pages never mention prop trading, funded trader programs or evaluations; no US-specific rule. Reviewers may class challenges as financial trading (restricted). Affiliate ads are prohibited.",medium
LIN-PF-VN,2026-Q4,linkedin,LinkedIn,prop_firm,VN,Vietnam,no_specific_rule,No prop firm rule. General financial services restriction and local law compliance likely apply if reviewed as financial trading.,,,"LinkedIn Advertising Policies: Restricted Content, Financial Services",https://www.linkedin.com/legal/ads-policy,"Ads promoting financial products and services are restricted. This includes ... investments and investment advising, financial trading and exchanges",manual_check,,2026-10-07,"LinkedIn pages never mention prop trading, funded trader programs or evaluations; no Vietnam-specific rule. Reviewers may class challenges as financial trading (restricted). Affiliate ads are prohibited.",medium
LIN-PF-ZA,2026-Q4,linkedin,LinkedIn,prop_firm,ZA,South Africa,no_specific_rule,No prop firm rule. General financial services restriction and local law compliance likely apply if reviewed as financial trading.,,,"LinkedIn Advertising Policies: Restricted Content, Financial Services",https://www.linkedin.com/legal/ads-policy,"Ads promoting financial products and services are restricted. This includes ... investments and investment advising, financial trading and exchanges",manual_check,,2026-10-07,"LinkedIn pages never mention prop trading, funded trader programs or evaluations; no South Africa-specific rule. Reviewers may class challenges as financial trading (restricted). Affiliate ads are prohibited.",medium
LIN-PF-EEA_OTHER,2026-Q4,linkedin,LinkedIn,prop_firm,EEA_OTHER,EEA countries other than Germany,no_specific_rule,No prop firm rule. General financial services restriction and local law compliance likely apply if reviewed as financial trading.,,,"LinkedIn Advertising Policies: Restricted Content, Financial Services",https://www.linkedin.com/legal/ads-policy,"Ads promoting financial products and services are restricted. This includes ... investments and investment advising, financial trading and exchanges",manual_check,,2026-10-07,"LinkedIn pages never mention prop trading, funded trader programs or evaluations; no EEA-specific rule. Reviewers may class challenges as financial trading (restricted). Affiliate ads are prohibited.",medium
LIN-PF-ROW,2026-Q4,linkedin,LinkedIn,prop_firm,ROW,Rest of world (platform default),no_specific_rule,No prop firm rule. General financial services restriction and local law compliance likely apply if reviewed as financial trading.,,,"LinkedIn Advertising Policies: Restricted Content, Financial Services",https://www.linkedin.com/legal/ads-policy,"Ads promoting financial products and services are restricted. This includes ... investments and investment advising, financial trading and exchanges",manual_check,,2026-10-07,"LinkedIn pages never mention prop trading, funded trader programs or evaluations; no market-specific rule. Reviewers may class challenges as financial trading (restricted). Affiliate ads are prohibited.",medium
RED-FX-AE,2026-Q4,reddit,Reddit,forex_cfd,AE,United Arab Emirates,written_permission_needed,"Licensed advertisers only, through a Reddit Sales managed account; pre-approval and documents may be asked. Only in certain countries.",,"18+, no minors; some targeting tools off for financial ads",Financial/Cryptocurrency Products and Services,https://business.reddithelp.com/s/article/financial-cryptocurrency-products-and-services-policy,"Contracts for difference, forex trading, and spread betting",yes,,2026-10-07,Listed as Restricted. Reddit does not publish the country list. No leverage claims such as 50x or 100x.,medium
RED-FX-AU,2026-Q4,reddit,Reddit,forex_cfd,AU,Australia,written_permission_needed,"Licensed advertisers only, through a Reddit Sales managed account; pre-approval and documents may be asked. Only in certain countries.",,"18+, no minors; some targeting tools off for financial ads",Financial/Cryptocurrency Products and Services,https://business.reddithelp.com/s/article/financial-cryptocurrency-products-and-services-policy,"Contracts for difference, forex trading, and spread betting",yes,,2026-10-07,Listed as Restricted. Reddit does not publish the country list. No leverage claims such as 50x or 100x.,medium
RED-FX-BR,2026-Q4,reddit,Reddit,forex_cfd,BR,Brazil,written_permission_needed,"Licensed advertisers only, through a Reddit Sales managed account; pre-approval and documents may be asked. Only in certain countries.",,"18+, no minors; some targeting tools off for financial ads",Financial/Cryptocurrency Products and Services,https://business.reddithelp.com/s/article/financial-cryptocurrency-products-and-services-policy,"Contracts for difference, forex trading, and spread betting",yes,,2026-10-07,Listed as Restricted. Reddit does not publish the country list. No leverage claims such as 50x or 100x.,medium
RED-FX-DE,2026-Q4,reddit,Reddit,forex_cfd,DE,Germany,written_permission_needed,"Licensed advertisers only, through a Reddit Sales managed account; pre-approval and documents may be asked. Only in certain countries.",,"18+, no minors; some targeting tools off for financial ads",Financial/Cryptocurrency Products and Services,https://business.reddithelp.com/s/article/financial-cryptocurrency-products-and-services-policy,"Contracts for difference, forex trading, and spread betting",yes,,2026-10-07,Listed as Restricted. Reddit does not publish the country list. No leverage claims such as 50x or 100x.,medium
RED-FX-GB,2026-Q4,reddit,Reddit,forex_cfd,GB,United Kingdom,written_permission_needed,"Licensed advertisers only, through a Reddit Sales managed account; pre-approval and documents may be asked. Only in certain countries.",,"18+, no minors; some targeting tools off for financial ads",Financial/Cryptocurrency Products and Services,https://business.reddithelp.com/s/article/financial-cryptocurrency-products-and-services-policy,"Contracts for difference, forex trading, and spread betting",yes,,2026-10-07,Listed as Restricted. Reddit does not publish the country list. No leverage claims such as 50x or 100x.,medium
RED-FX-KE,2026-Q4,reddit,Reddit,forex_cfd,KE,Kenya,written_permission_needed,"Licensed advertisers only, through a Reddit Sales managed account; pre-approval and documents may be asked. Only in certain countries.",,"18+, no minors; some targeting tools off for financial ads",Financial/Cryptocurrency Products and Services,https://business.reddithelp.com/s/article/financial-cryptocurrency-products-and-services-policy,"Contracts for difference, forex trading, and spread betting",yes,,2026-10-07,Listed as Restricted. Reddit does not publish the country list. No leverage claims such as 50x or 100x.,medium
RED-FX-MX,2026-Q4,reddit,Reddit,forex_cfd,MX,Mexico,written_permission_needed,"Licensed advertisers only, through a Reddit Sales managed account; pre-approval and documents may be asked. Only in certain countries.",,"18+, no minors; some targeting tools off for financial ads",Financial/Cryptocurrency Products and Services,https://business.reddithelp.com/s/article/financial-cryptocurrency-products-and-services-policy,"Contracts for difference, forex trading, and spread betting",yes,,2026-10-07,Listed as Restricted. Reddit does not publish the country list. No leverage claims such as 50x or 100x.,medium
RED-FX-MY,2026-Q4,reddit,Reddit,forex_cfd,MY,Malaysia,written_permission_needed,"Licensed advertisers only, through a Reddit Sales managed account; pre-approval and documents may be asked. Only in certain countries.",,"18+, no minors; some targeting tools off for financial ads",Financial/Cryptocurrency Products and Services,https://business.reddithelp.com/s/article/financial-cryptocurrency-products-and-services-policy,"Contracts for difference, forex trading, and spread betting",yes,,2026-10-07,Listed as Restricted. Reddit does not publish the country list. No leverage claims such as 50x or 100x.,medium
RED-FX-NG,2026-Q4,reddit,Reddit,forex_cfd,NG,Nigeria,written_permission_needed,"Licensed advertisers only, through a Reddit Sales managed account; pre-approval and documents may be asked. Only in certain countries.",,"18+, no minors; some targeting tools off for financial ads",Financial/Cryptocurrency Products and Services,https://business.reddithelp.com/s/article/financial-cryptocurrency-products-and-services-policy,"Contracts for difference, forex trading, and spread betting",yes,,2026-10-07,Listed as Restricted. Reddit does not publish the country list. No leverage claims such as 50x or 100x.,medium
RED-FX-PH,2026-Q4,reddit,Reddit,forex_cfd,PH,Philippines,written_permission_needed,"Licensed advertisers only, through a Reddit Sales managed account; pre-approval and documents may be asked. Only in certain countries.",,"18+, no minors; some targeting tools off for financial ads",Financial/Cryptocurrency Products and Services,https://business.reddithelp.com/s/article/financial-cryptocurrency-products-and-services-policy,"Contracts for difference, forex trading, and spread betting",yes,,2026-10-07,Listed as Restricted. Reddit does not publish the country list. No leverage claims such as 50x or 100x.,medium
RED-FX-TH,2026-Q4,reddit,Reddit,forex_cfd,TH,Thailand,written_permission_needed,"Licensed advertisers only, through a Reddit Sales managed account; pre-approval and documents may be asked. Only in certain countries.",,"18+, no minors; some targeting tools off for financial ads",Financial/Cryptocurrency Products and Services,https://business.reddithelp.com/s/article/financial-cryptocurrency-products-and-services-policy,"Contracts for difference, forex trading, and spread betting",yes,,2026-10-07,Listed as Restricted. Reddit does not publish the country list. No leverage claims such as 50x or 100x.,medium
RED-FX-US,2026-Q4,reddit,Reddit,forex_cfd,US,United States,written_permission_needed,"Licensed advertisers only, through a Reddit Sales managed account; pre-approval and documents may be asked. Only in certain countries.",,"18+, no minors; some targeting tools off for financial ads",Financial/Cryptocurrency Products and Services,https://business.reddithelp.com/s/article/financial-cryptocurrency-products-and-services-policy,"Contracts for difference, forex trading, and spread betting",yes,,2026-10-07,Listed as Restricted. Reddit does not publish the country list. No leverage claims such as 50x or 100x.,medium
RED-FX-VN,2026-Q4,reddit,Reddit,forex_cfd,VN,Vietnam,written_permission_needed,"Licensed advertisers only, through a Reddit Sales managed account; pre-approval and documents may be asked. Only in certain countries.",,"18+, no minors; some targeting tools off for financial ads",Financial/Cryptocurrency Products and Services,https://business.reddithelp.com/s/article/financial-cryptocurrency-products-and-services-policy,"Contracts for difference, forex trading, and spread betting",yes,,2026-10-07,Listed as Restricted. Reddit does not publish the country list. No leverage claims such as 50x or 100x.,medium
RED-FX-ZA,2026-Q4,reddit,Reddit,forex_cfd,ZA,South Africa,written_permission_needed,"Licensed advertisers only, through a Reddit Sales managed account; pre-approval and documents may be asked. Only in certain countries.",,"18+, no minors; some targeting tools off for financial ads",Financial/Cryptocurrency Products and Services,https://business.reddithelp.com/s/article/financial-cryptocurrency-products-and-services-policy,"Contracts for difference, forex trading, and spread betting",yes,,2026-10-07,Listed as Restricted. Reddit does not publish the country list. No leverage claims such as 50x or 100x.,medium
RED-FX-EEA_OTHER,2026-Q4,reddit,Reddit,forex_cfd,EEA_OTHER,EEA countries other than Germany,written_permission_needed,"Licensed advertisers only, through a Reddit Sales managed account; pre-approval and documents may be asked. Only in certain countries.",,"18+, no minors; some targeting tools off for financial ads",Financial/Cryptocurrency Products and Services,https://business.reddithelp.com/s/article/financial-cryptocurrency-products-and-services-policy,"Contracts for difference, forex trading, and spread betting",yes,,2026-10-07,Listed as Restricted. Reddit does not publish the country list. No leverage claims such as 50x or 100x.,medium
RED-FX-ROW,2026-Q4,reddit,Reddit,forex_cfd,ROW,Rest of world (platform default),written_permission_needed,"Licensed advertisers only, through a Reddit Sales managed account; pre-approval and documents may be asked. Only in certain countries.",,"18+, no minors; some targeting tools off for financial ads",Financial/Cryptocurrency Products and Services,https://business.reddithelp.com/s/article/financial-cryptocurrency-products-and-services-policy,"Contracts for difference, forex trading, and spread betting",yes,,2026-10-07,Listed as Restricted. Reddit does not publish the country list. No leverage claims such as 50x or 100x.,medium
RED-CR-AE,2026-Q4,reddit,Reddit,crypto_exchange,AE,United Arab Emirates,written_permission_needed,"Licensed advertisers only, through a Reddit Sales managed account; pre-approval and documents may be asked. Only in certain countries.",,"18+, no minors; some targeting tools off for financial ads",Financial/Cryptocurrency Products and Services,https://business.reddithelp.com/s/article/financial-cryptocurrency-products-and-services-policy,"Exchanges, crowdfunding portals, broker-dealers, and other types of trading platforms, including crypto exchanges",yes,,2026-10-07,Listed as Restricted. Reddit does not publish the country list. No leverage claims such as 50x or 100x.,medium
RED-CR-AU,2026-Q4,reddit,Reddit,crypto_exchange,AU,Australia,written_permission_needed,"Licensed advertisers only, through a Reddit Sales managed account; pre-approval and documents may be asked. Only in certain countries.",,"18+, no minors; some targeting tools off for financial ads",Financial/Cryptocurrency Products and Services,https://business.reddithelp.com/s/article/financial-cryptocurrency-products-and-services-policy,"Exchanges, crowdfunding portals, broker-dealers, and other types of trading platforms, including crypto exchanges",yes,,2026-10-07,Listed as Restricted. Reddit does not publish the country list. No leverage claims such as 50x or 100x.,medium
RED-CR-BR,2026-Q4,reddit,Reddit,crypto_exchange,BR,Brazil,written_permission_needed,"Licensed advertisers only, through a Reddit Sales managed account; pre-approval and documents may be asked. Only in certain countries.",,"18+, no minors; some targeting tools off for financial ads",Financial/Cryptocurrency Products and Services,https://business.reddithelp.com/s/article/financial-cryptocurrency-products-and-services-policy,"Exchanges, crowdfunding portals, broker-dealers, and other types of trading platforms, including crypto exchanges",yes,,2026-10-07,Listed as Restricted. Reddit does not publish the country list. No leverage claims such as 50x or 100x.,medium
RED-CR-DE,2026-Q4,reddit,Reddit,crypto_exchange,DE,Germany,written_permission_needed,"Licensed advertisers only, through a Reddit Sales managed account; pre-approval and documents may be asked. Only in certain countries.",,"18+, no minors; some targeting tools off for financial ads",Financial/Cryptocurrency Products and Services,https://business.reddithelp.com/s/article/financial-cryptocurrency-products-and-services-policy,"Exchanges, crowdfunding portals, broker-dealers, and other types of trading platforms, including crypto exchanges",yes,,2026-10-07,Listed as Restricted. Reddit does not publish the country list. No leverage claims such as 50x or 100x.,medium
RED-CR-GB,2026-Q4,reddit,Reddit,crypto_exchange,GB,United Kingdom,written_permission_needed,"Licensed advertisers only, through a Reddit Sales managed account; pre-approval and documents may be asked. Only in certain countries.",,"18+, no minors; some targeting tools off for financial ads",Financial/Cryptocurrency Products and Services,https://business.reddithelp.com/s/article/financial-cryptocurrency-products-and-services-policy,"Exchanges, crowdfunding portals, broker-dealers, and other types of trading platforms, including crypto exchanges",yes,,2026-10-07,Listed as Restricted. Reddit does not publish the country list. No leverage claims such as 50x or 100x.,medium
RED-CR-KE,2026-Q4,reddit,Reddit,crypto_exchange,KE,Kenya,written_permission_needed,"Licensed advertisers only, through a Reddit Sales managed account; pre-approval and documents may be asked. Only in certain countries.",,"18+, no minors; some targeting tools off for financial ads",Financial/Cryptocurrency Products and Services,https://business.reddithelp.com/s/article/financial-cryptocurrency-products-and-services-policy,"Exchanges, crowdfunding portals, broker-dealers, and other types of trading platforms, including crypto exchanges",yes,,2026-10-07,Listed as Restricted. Reddit does not publish the country list. No leverage claims such as 50x or 100x.,medium
RED-CR-MX,2026-Q4,reddit,Reddit,crypto_exchange,MX,Mexico,written_permission_needed,"Licensed advertisers only, through a Reddit Sales managed account; pre-approval and documents may be asked. Only in certain countries.",,"18+, no minors; some targeting tools off for financial ads",Financial/Cryptocurrency Products and Services,https://business.reddithelp.com/s/article/financial-cryptocurrency-products-and-services-policy,"Exchanges, crowdfunding portals, broker-dealers, and other types of trading platforms, including crypto exchanges",yes,,2026-10-07,Listed as Restricted. Reddit does not publish the country list. No leverage claims such as 50x or 100x.,medium
RED-CR-MY,2026-Q4,reddit,Reddit,crypto_exchange,MY,Malaysia,written_permission_needed,"Licensed advertisers only, through a Reddit Sales managed account; pre-approval and documents may be asked. Only in certain countries.",,"18+, no minors; some targeting tools off for financial ads",Financial/Cryptocurrency Products and Services,https://business.reddithelp.com/s/article/financial-cryptocurrency-products-and-services-policy,"Exchanges, crowdfunding portals, broker-dealers, and other types of trading platforms, including crypto exchanges",yes,,2026-10-07,Listed as Restricted. Reddit does not publish the country list. No leverage claims such as 50x or 100x.,medium
RED-CR-NG,2026-Q4,reddit,Reddit,crypto_exchange,NG,Nigeria,written_permission_needed,"Licensed advertisers only, through a Reddit Sales managed account; pre-approval and documents may be asked. Only in certain countries.",,"18+, no minors; some targeting tools off for financial ads",Financial/Cryptocurrency Products and Services,https://business.reddithelp.com/s/article/financial-cryptocurrency-products-and-services-policy,"Exchanges, crowdfunding portals, broker-dealers, and other types of trading platforms, including crypto exchanges",yes,,2026-10-07,Listed as Restricted. Reddit does not publish the country list. No leverage claims such as 50x or 100x.,medium
RED-CR-PH,2026-Q4,reddit,Reddit,crypto_exchange,PH,Philippines,written_permission_needed,"Licensed advertisers only, through a Reddit Sales managed account; pre-approval and documents may be asked. Only in certain countries.",,"18+, no minors; some targeting tools off for financial ads",Financial/Cryptocurrency Products and Services,https://business.reddithelp.com/s/article/financial-cryptocurrency-products-and-services-policy,"Exchanges, crowdfunding portals, broker-dealers, and other types of trading platforms, including crypto exchanges",yes,,2026-10-07,Listed as Restricted. Reddit does not publish the country list. No leverage claims such as 50x or 100x.,medium
RED-CR-TH,2026-Q4,reddit,Reddit,crypto_exchange,TH,Thailand,written_permission_needed,"Licensed advertisers only, through a Reddit Sales managed account; pre-approval and documents may be asked. Only in certain countries.",,"18+, no minors; some targeting tools off for financial ads",Financial/Cryptocurrency Products and Services,https://business.reddithelp.com/s/article/financial-cryptocurrency-products-and-services-policy,"Exchanges, crowdfunding portals, broker-dealers, and other types of trading platforms, including crypto exchanges",yes,,2026-10-07,Listed as Restricted. Reddit does not publish the country list. No leverage claims such as 50x or 100x.,medium
RED-CR-US,2026-Q4,reddit,Reddit,crypto_exchange,US,United States,written_permission_needed,"Licensed advertisers only, through a Reddit Sales managed account; pre-approval and documents may be asked. Only in certain countries.",,"18+, no minors; some targeting tools off for financial ads",Financial/Cryptocurrency Products and Services,https://business.reddithelp.com/s/article/financial-cryptocurrency-products-and-services-policy,"Exchanges, crowdfunding portals, broker-dealers, and other types of trading platforms, including crypto exchanges",yes,,2026-10-07,Listed as Restricted. Reddit does not publish the country list. No leverage claims such as 50x or 100x.,medium
RED-CR-VN,2026-Q4,reddit,Reddit,crypto_exchange,VN,Vietnam,written_permission_needed,"Licensed advertisers only, through a Reddit Sales managed account; pre-approval and documents may be asked. Only in certain countries.",,"18+, no minors; some targeting tools off for financial ads",Financial/Cryptocurrency Products and Services,https://business.reddithelp.com/s/article/financial-cryptocurrency-products-and-services-policy,"Exchanges, crowdfunding portals, broker-dealers, and other types of trading platforms, including crypto exchanges",yes,,2026-10-07,Listed as Restricted. Reddit does not publish the country list. No leverage claims such as 50x or 100x.,medium
RED-CR-ZA,2026-Q4,reddit,Reddit,crypto_exchange,ZA,South Africa,written_permission_needed,"Licensed advertisers only, through a Reddit Sales managed account; pre-approval and documents may be asked. Only in certain countries.",,"18+, no minors; some targeting tools off for financial ads",Financial/Cryptocurrency Products and Services,https://business.reddithelp.com/s/article/financial-cryptocurrency-products-and-services-policy,"Exchanges, crowdfunding portals, broker-dealers, and other types of trading platforms, including crypto exchanges",yes,,2026-10-07,Listed as Restricted. Reddit does not publish the country list. No leverage claims such as 50x or 100x.,medium
RED-CR-EEA_OTHER,2026-Q4,reddit,Reddit,crypto_exchange,EEA_OTHER,EEA countries other than Germany,written_permission_needed,"Licensed advertisers only, through a Reddit Sales managed account; pre-approval and documents may be asked. Only in certain countries.",,"18+, no minors; some targeting tools off for financial ads",Financial/Cryptocurrency Products and Services,https://business.reddithelp.com/s/article/financial-cryptocurrency-products-and-services-policy,"Exchanges, crowdfunding portals, broker-dealers, and other types of trading platforms, including crypto exchanges",yes,,2026-10-07,Listed as Restricted. Reddit does not publish the country list. No leverage claims such as 50x or 100x.,medium
RED-CR-ROW,2026-Q4,reddit,Reddit,crypto_exchange,ROW,Rest of world (platform default),written_permission_needed,"Licensed advertisers only, through a Reddit Sales managed account; pre-approval and documents may be asked. Only in certain countries.",,"18+, no minors; some targeting tools off for financial ads",Financial/Cryptocurrency Products and Services,https://business.reddithelp.com/s/article/financial-cryptocurrency-products-and-services-policy,"Exchanges, crowdfunding portals, broker-dealers, and other types of trading platforms, including crypto exchanges",yes,,2026-10-07,Listed as Restricted. Reddit does not publish the country list. No leverage claims such as 50x or 100x.,medium
RED-PF-AE,2026-Q4,reddit,Reddit,prop_firm,AE,United Arab Emirates,no_specific_rule,"No prop firm rule. Financial ad rules apply: no leverage claims, no guarantees, not where the offer is illegal.",,"18+, no minors",Financial/Cryptocurrency Products and Services,https://business.reddithelp.com/s/article/financial-cryptocurrency-products-and-services-policy,Be served inside any country where the advertiser is not legally able to offer the advertised product or service,yes,,2026-10-07,Prop firms are not named. Trading bots are prohibited. Reviewers may class challenges as trading platforms needing a managed account.,medium
RED-PF-AU,2026-Q4,reddit,Reddit,prop_firm,AU,Australia,no_specific_rule,"No prop firm rule. Financial ad rules apply: no leverage claims, no guarantees, not where the offer is illegal.",,"18+, no minors",Financial/Cryptocurrency Products and Services,https://business.reddithelp.com/s/article/financial-cryptocurrency-products-and-services-policy,Be served inside any country where the advertiser is not legally able to offer the advertised product or service,yes,,2026-10-07,Prop firms are not named. Trading bots are prohibited. Reviewers may class challenges as trading platforms needing a managed account.,medium
RED-PF-BR,2026-Q4,reddit,Reddit,prop_firm,BR,Brazil,no_specific_rule,"No prop firm rule. Financial ad rules apply: no leverage claims, no guarantees, not where the offer is illegal.",,"18+, no minors",Financial/Cryptocurrency Products and Services,https://business.reddithelp.com/s/article/financial-cryptocurrency-products-and-services-policy,Be served inside any country where the advertiser is not legally able to offer the advertised product or service,yes,,2026-10-07,Prop firms are not named. Trading bots are prohibited. Reviewers may class challenges as trading platforms needing a managed account.,medium
RED-PF-DE,2026-Q4,reddit,Reddit,prop_firm,DE,Germany,no_specific_rule,"No prop firm rule. Financial ad rules apply: no leverage claims, no guarantees, not where the offer is illegal.",,"18+, no minors",Financial/Cryptocurrency Products and Services,https://business.reddithelp.com/s/article/financial-cryptocurrency-products-and-services-policy,Be served inside any country where the advertiser is not legally able to offer the advertised product or service,yes,,2026-10-07,Prop firms are not named. Trading bots are prohibited. Reviewers may class challenges as trading platforms needing a managed account.,medium
RED-PF-GB,2026-Q4,reddit,Reddit,prop_firm,GB,United Kingdom,no_specific_rule,"No prop firm rule. Financial ad rules apply: no leverage claims, no guarantees, not where the offer is illegal.",,"18+, no minors",Financial/Cryptocurrency Products and Services,https://business.reddithelp.com/s/article/financial-cryptocurrency-products-and-services-policy,Be served inside any country where the advertiser is not legally able to offer the advertised product or service,yes,,2026-10-07,Prop firms are not named. Trading bots are prohibited. Reviewers may class challenges as trading platforms needing a managed account.,medium
RED-PF-KE,2026-Q4,reddit,Reddit,prop_firm,KE,Kenya,no_specific_rule,"No prop firm rule. Financial ad rules apply: no leverage claims, no guarantees, not where the offer is illegal.",,"18+, no minors",Financial/Cryptocurrency Products and Services,https://business.reddithelp.com/s/article/financial-cryptocurrency-products-and-services-policy,Be served inside any country where the advertiser is not legally able to offer the advertised product or service,yes,,2026-10-07,Prop firms are not named. Trading bots are prohibited. Reviewers may class challenges as trading platforms needing a managed account.,medium
RED-PF-MX,2026-Q4,reddit,Reddit,prop_firm,MX,Mexico,no_specific_rule,"No prop firm rule. Financial ad rules apply: no leverage claims, no guarantees, not where the offer is illegal.",,"18+, no minors",Financial/Cryptocurrency Products and Services,https://business.reddithelp.com/s/article/financial-cryptocurrency-products-and-services-policy,Be served inside any country where the advertiser is not legally able to offer the advertised product or service,yes,,2026-10-07,Prop firms are not named. Trading bots are prohibited. Reviewers may class challenges as trading platforms needing a managed account.,medium
RED-PF-MY,2026-Q4,reddit,Reddit,prop_firm,MY,Malaysia,no_specific_rule,"No prop firm rule. Financial ad rules apply: no leverage claims, no guarantees, not where the offer is illegal.",,"18+, no minors",Financial/Cryptocurrency Products and Services,https://business.reddithelp.com/s/article/financial-cryptocurrency-products-and-services-policy,Be served inside any country where the advertiser is not legally able to offer the advertised product or service,yes,,2026-10-07,Prop firms are not named. Trading bots are prohibited. Reviewers may class challenges as trading platforms needing a managed account.,medium
RED-PF-NG,2026-Q4,reddit,Reddit,prop_firm,NG,Nigeria,no_specific_rule,"No prop firm rule. Financial ad rules apply: no leverage claims, no guarantees, not where the offer is illegal.",,"18+, no minors",Financial/Cryptocurrency Products and Services,https://business.reddithelp.com/s/article/financial-cryptocurrency-products-and-services-policy,Be served inside any country where the advertiser is not legally able to offer the advertised product or service,yes,,2026-10-07,Prop firms are not named. Trading bots are prohibited. Reviewers may class challenges as trading platforms needing a managed account.,medium
RED-PF-PH,2026-Q4,reddit,Reddit,prop_firm,PH,Philippines,no_specific_rule,"No prop firm rule. Financial ad rules apply: no leverage claims, no guarantees, not where the offer is illegal.",,"18+, no minors",Financial/Cryptocurrency Products and Services,https://business.reddithelp.com/s/article/financial-cryptocurrency-products-and-services-policy,Be served inside any country where the advertiser is not legally able to offer the advertised product or service,yes,,2026-10-07,Prop firms are not named. Trading bots are prohibited. Reviewers may class challenges as trading platforms needing a managed account.,medium
RED-PF-TH,2026-Q4,reddit,Reddit,prop_firm,TH,Thailand,no_specific_rule,"No prop firm rule. Financial ad rules apply: no leverage claims, no guarantees, not where the offer is illegal.",,"18+, no minors",Financial/Cryptocurrency Products and Services,https://business.reddithelp.com/s/article/financial-cryptocurrency-products-and-services-policy,Be served inside any country where the advertiser is not legally able to offer the advertised product or service,yes,,2026-10-07,Prop firms are not named. Trading bots are prohibited. Reviewers may class challenges as trading platforms needing a managed account.,medium
RED-PF-US,2026-Q4,reddit,Reddit,prop_firm,US,United States,no_specific_rule,"No prop firm rule. Financial ad rules apply: no leverage claims, no guarantees, not where the offer is illegal.",,"18+, no minors",Financial/Cryptocurrency Products and Services,https://business.reddithelp.com/s/article/financial-cryptocurrency-products-and-services-policy,Be served inside any country where the advertiser is not legally able to offer the advertised product or service,yes,,2026-10-07,Prop firms are not named. Trading bots are prohibited. Reviewers may class challenges as trading platforms needing a managed account.,medium
RED-PF-VN,2026-Q4,reddit,Reddit,prop_firm,VN,Vietnam,no_specific_rule,"No prop firm rule. Financial ad rules apply: no leverage claims, no guarantees, not where the offer is illegal.",,"18+, no minors",Financial/Cryptocurrency Products and Services,https://business.reddithelp.com/s/article/financial-cryptocurrency-products-and-services-policy,Be served inside any country where the advertiser is not legally able to offer the advertised product or service,yes,,2026-10-07,Prop firms are not named. Trading bots are prohibited. Reviewers may class challenges as trading platforms needing a managed account.,medium
RED-PF-ZA,2026-Q4,reddit,Reddit,prop_firm,ZA,South Africa,no_specific_rule,"No prop firm rule. Financial ad rules apply: no leverage claims, no guarantees, not where the offer is illegal.",,"18+, no minors",Financial/Cryptocurrency Products and Services,https://business.reddithelp.com/s/article/financial-cryptocurrency-products-and-services-policy,Be served inside any country where the advertiser is not legally able to offer the advertised product or service,yes,,2026-10-07,Prop firms are not named. Trading bots are prohibited. Reviewers may class challenges as trading platforms needing a managed account.,medium
RED-PF-EEA_OTHER,2026-Q4,reddit,Reddit,prop_firm,EEA_OTHER,EEA countries other than Germany,no_specific_rule,"No prop firm rule. Financial ad rules apply: no leverage claims, no guarantees, not where the offer is illegal.",,"18+, no minors",Financial/Cryptocurrency Products and Services,https://business.reddithelp.com/s/article/financial-cryptocurrency-products-and-services-policy,Be served inside any country where the advertiser is not legally able to offer the advertised product or service,yes,,2026-10-07,Prop firms are not named. Trading bots are prohibited. Reviewers may class challenges as trading platforms needing a managed account.,medium
RED-PF-ROW,2026-Q4,reddit,Reddit,prop_firm,ROW,Rest of world (platform default),no_specific_rule,"No prop firm rule. Financial ad rules apply: no leverage claims, no guarantees, not where the offer is illegal.",,"18+, no minors",Financial/Cryptocurrency Products and Services,https://business.reddithelp.com/s/article/financial-cryptocurrency-products-and-services-policy,Be served inside any country where the advertiser is not legally able to offer the advertised product or service,yes,,2026-10-07,Prop firms are not named. Trading bots are prohibited. Reviewers may class challenges as trading platforms needing a managed account.,medium
